9203;# doc = hse_day.2.txt;;;;;;;;;;;;;;;;
9204;# speaker = Катя;;;;;;;;;;;;;;;;
9205;# sent = 760;;;;;;;;;;;;;;;;
9206;;Аа;А;INTJ;;;   _Аа_ В общем ,;а;а;;;;;INTJ;АА;NONLEX;А
9207;;В;В;PR;;;  Аа _В_ общем , я;в;;;;;;PR;В;PR;В
9208;;общем;ОБЩИЙ;A - loc sg plen m -;;; Аа В _общем_ , я рассказываю;м;е;щ;б;о;;A;ОБЩИЙ;A - loc sg plen m -;Й
9209;;,;,;PUNCT;;;;;;;;;;PUNCT;;;
9210;;я;Я;SPRO sg 1p - nom;;;В общем , _я_ рассказываю про свой;я;;;;;;SPRO;Я;SPRO sg 1p - nom;Я
9211;;рассказываю;РАССКАЗЫВАТЬ;V ipf praes sg indic - 1p;;;общем , я _рассказываю_ про свой день;ю;а;в;ы;з;а;V;РАССКАЗЫВАТЬ;V ipf praes sg indic - 1p;Ь
9212;;про;ПРО;PR;;;, я рассказываю _про_ свой день вышки;о;р;п;;;;PR;ПРО;PR;О
9213;;свой;СВОЙ;APRO - acc sg plen m inan;;;я рассказываю про _свой_ день вышки .;й;о;в;с;;;APRO;СВОЙ;A - acc sg plen m inan;Й
9214;;день;ДЕНЬ;S m inan acc sg;;;рассказываю про свой _день_ вышки . ;ь;н;е;д;;;S;ДЕНЬ;S m inan acc sg;Ь
9215;;вышки;ВЫШКА;S persn f inan gen sg;;;про свой день _вышки_ .  ;и;к;ш;ы;в;;S;ВЫШКА;S f inan gen sg;А
9216;;.;.;PUNCT;;;;;;;;;;PUNCT;;;
9217;;;;;;;;;;;;;;;;;
9218;# sent = 761;;;;;;;;;;;;;;;;
9219;;Аа;А;INTJ;;;.   _Аа_ сначала началось все;а;а;;;;;INTJ;АА;NONLEX;А
9220;;сначала;СНАЧАЛА;ADV -;;;  Аа _сначала_ началось все с;а;л;а;ч;а;н;ADV;СНАЧАЛА;ADV -;А
9221;;началось;НАЧАТЬСЯ;V pf praet sg indic n -;;; Аа сначала _началось_ все с того;ь;с;о;л;а;ч;V;НАЧАТЬСЯ;V pf praet sg indic n -;Я
9222;;все;ВСЕ;SPRO n inan nom sg;;;Аа сначала началось _все_ с того ,;е;с;в;;;;S;ВСЕ;S - - acc pl;Е
9223;;с;С;PR;;;сначала началось все _с_ того , что;с;;;;;;PR;С;PR;С
9224;;того;ТО;SPRO n - gen sg;;;началось все с _того_ , что я;о;г;о;т;;;SPRO;ТО;S n - gen sg;О
9225;;,;,;PUNCT;;;;;;;;;;PUNCT;;;
9226;;что;ЧТО;CONJ;;;с того , _что_ я приехала туда;о;т;ч;;;;CONJ;ЧТО;CONJ;О
9227;;я;Я;SPRO sg 1p - nom;;;того , что _я_ приехала туда на;я;;;;;;SPRO;Я;SPRO sg 1p - nom;Я
9228;;приехала;ПРИЕХАТЬ;V pf praet sg indic f -;;;, что я _приехала_ туда на двадцать;а;л;а;х;е;и;V;ПРИЕХАТЬ;V pf praet sg indic f -;Ь
9229;;туда;ТУДА;ADVPRO;;;что я приехала _туда_ на двадцать минут;а;д;у;т;;;ADV;ТУДА;ADV -;А
9230;;на;НА;PR;;;я приехала туда _на_ двадцать минут раньше;а;н;;;;;PR;НА;PR;А
9231;;двадцать;ДВАДЦАТЬ;NUM acc - -;;;приехала туда на _двадцать_ минут раньше ,;ь;т;а;ц;д;а;NUM;ДВАДЦАТЬ;NUM acc - -;Ь
9232;;минут;МИНУТА;S f inan gen pl;;;туда на двадцать _минут_ раньше , на;т;у;н;и;м;;S;МИНУТА;S f inan gen pl;А
9233;;раньше;РАНО;ADV comp;;;на двадцать минут _раньше_ , на метро;е;ш;ь;н;а;р;ADV;РАНО;ADV comp;О
9234;;,;,;PUNCT;;;;;;;;;;PUNCT;;;
9235;;на;НА;PR;;;минут раньше , _на_ метро Парк Культуры;а;н;;;;;PR;НА;PR;А
9236;;метро;МЕТРО;S n inan loc sg;;;раньше , на _метро_ Парк Культуры ,;о;р;т;е;м;;S;МЕТРО;S n inan nonflex -;О
9237;;Парк;ПАРК;S m inan nom sg;;;, на метро _Парк_ Культуры , потому что;к;р;а;п;;;S;ПАРК;S m inan nom sg;К
9238;;Культуры;КУЛЬТУРА;S f inan gen sg;;;на метро Парк _Культуры_ , потому что мой;ы;р;у;т;ь;л;S;КУЛЬТУРА;S f inan gen sg;А
9239;;,;,;PUNCT;;;;;;;;;;PUNCT;;;
9240;;потому что;потому что;CONJ;;;Парк Культуры , _потому что_ мой Яндекс транспорт;о;т;ч; ;у;м;CONJ;потому что;CONJ;о
9241;;мой;МОЙ;APRO - nom sg plen m -;;;Культуры , потому что _мой_ Яндекс транспорт всегда;й;о;м;;;;APRO;МОЙ;A - nom sg plen m -;Й
9242;;Яндекс;ЯНДЕКС;S m inan nom sg;;;, потому что мой _Яндекс_ транспорт всегда мне;с;к;е;д;н;я;S;ЯНДЕКС;S m inan nom sg;С
9243;;транспорт;ТРАНСПОРТ;S m inan nom sg;;;потому что мой Яндекс _транспорт_ всегда мне показывает;т;р;о;п;с;н;S;ТРАНСПОРТ;S m inan nom sg;Т
9244;;всегда;ВСЕГДА;ADVPRO;;;мой Яндекс транспорт _всегда_ мне показывает время;а;д;г;е;с;в;ADV;ВСЕГДА;ADV -;А
9245;;мне;Я;SPRO sg 1p - dat;;;Яндекс транспорт всегда _мне_ показывает время прибытия;е;н;м;;;;SPRO;Я;SPRO sg 1p - dat;Я
9246;;показывает;ПОКАЗЫВАТЬ;V ipf praes sg indic - 3p;;;транспорт всегда мне _показывает_ время прибытия ,;т;е;а;в;ы;з;V;ПОКАЗЫВАТЬ;V ipf praes sg indic - 3p;Ь
9247;;время;ВРЕМЯ;S n inan acc sg;;;всегда мне показывает _время_ прибытия , ну;я;м;е;р;в;;S;ВРЕМЯ;S n inan acc sg;Я
9248;;прибытия;ПРИБЫТИЕ;S n inan gen sg;;;мне показывает время _прибытия_ , ну ,;я;и;т;ы;б;и;S;ПРИБЫТИЕ;S n inan gen sg;Е
9249;;,;,;PUNCT;;;;;;;;;;PUNCT;;;
9250;;ну;НУ;PART;;;время прибытия , _ну_ , короче ,;у;н;;;;;PART;НУ;PART;У
9251;;,;,;PUNCT;;;;;;;;;;PUNCT;;;
9252;;короче;КОРОЧЕ;PARENTH;;;, ну , _короче_ , время в;е;ч;о;р;о;к;ADV;КОРОЧЕ;ADV comp;Е
9253;;,;,;PUNCT;;;;;;;;;;PUNCT;;;
9254;;время;ВРЕМЯ;S n inan acc sg;;;, короче , _время_ в пути неправильно;я;м;е;р;в;;S;ВРЕМЯ;S n inan acc sg;Я
9255;;в;В;PR;;;короче , время _в_ пути неправильно .;в;;;;;;PR;В;PR;В
9256;;пути;ПУТЬ;S m inan loc2 sg;;;, время в _пути_ неправильно . ;и;т;у;п;;;S;ПУТЬ;S m inan loc sg;Ь
9257;;неправильно;НЕПРАВИЛЬНО;ADV -;;;время в пути _неправильно_ .  ;о;н;ь;л;и;в;ADV;НЕПРАВИЛЬНО;ADV -;О
9258;;.;.;PUNCT;;;;;;;;;;PUNCT;;;
9259;;;;;;;;;;;;;;;;;
9260;# sent = 762;;;;;;;;;;;;;;;;
9261;;Всегда;ВСЕГДА;ADVPRO;;;.   _Всегда_ увеличивает . ;а;д;г;е;с;в;ADV;ВСЕГДА;ADV -;А
9262;;увеличивает;УВЕЛИЧИВАТЬ;V ipf praes sg indic - 3p;;;  Всегда _увеличивает_ .  ;т;е;а;в;и;ч;V;УВЕЛИЧИВАТЬ;V ipf praes sg indic - 3p;Ь
9263;;.;.;PUNCT;;;;;;;;;;PUNCT;;;
9264;;;;;;;;;;;;;;;;;
9265;# sent = 763;;;;;;;;;;;;;;;;
9266;;Аа;А;INTJ;;;.   _Аа_  начит ;а;а;;;;;INTJ;АА;NONLEX;А
9267;"<distinct form=""";;;;;;;;;;;;;;;;
9268;<dist>;начит;;;;;;;;;;;;;;;
9269;""">";;;;;;;;;;;;;;;;
9270;;значит;ЗНАЧИТ;PARENTH;;; начит  _значит_  , я;т;и;ч;а;н;з;ADV;ЗНАЧИТ;ADV -;Т
9271;</distinct>;;;;;;;;;;;;;;;;
9272;;,;,;PUNCT;;;;;;;;;;PUNCT;;;
9273;;я;Я;SPRO sg 1p - nom;;;значит  , _я_ приехала , потом;я;;;;;;SPRO;Я;SPRO sg 1p - nom;Я
9274;;приехала;ПРИЕХАТЬ;V pf praet sg indic f -;;; , я _приехала_ , потом подождала;а;л;а;х;е;и;V;ПРИЕХАТЬ;V pf praet sg indic f -;Ь
9275;;,;,;PUNCT;;;;;;;;;;PUNCT;;;
9276;;потом;ПОТОМ;ADVPRO;;;я приехала , _потом_ подождала ребят ,;м;о;т;о;п;;ADV;ПОТОМ;ADV -;М
9277;;подождала;ПОДОЖДАТЬ;V pf praet sg indic f -;;;приехала , потом _подождала_ ребят , мы;а;л;а;д;ж;о;V;ПОДОЖДАТЬ;V pf praet sg indic f -;Ь
9278;;ребят;РЕБЯТА;S - anim gen pl;;;, потом подождала _ребят_ , мы встретились;т;я;б;е;р;;S;РЕБЯТА;S - anim gen pl;А
9279;;,;,;PUNCT;;;;;;;;;;PUNCT;;;
9280;;мы;МЫ;SPRO pl 1p - nom;;;подождала ребят , _мы_ встретились , пошли;ы;м;;;;;SPRO;МЫ;SPRO pl 1p - nom;Ы
9281;;встретились;ВСТРЕТИТЬСЯ;V pf praet pl indic - -;;;ребят , мы _встретились_ , пошли в;ь;с;и;л;и;т;V;ВСТРЕТИТЬСЯ;V pf praet pl indic - -;Я
9282;;,;,;PUNCT;;;;;;;;;;PUNCT;;;
9283;;пошли;ПОЙТИ;V pf praet pl indic - -;;;мы встретились , _пошли_ в Burger King;и;л;ш;о;п;;V;ПОЙТИ;V pf praet pl indic - -;И
9284;;в;В;PR;;;встретились , пошли _в_ Burger King ,;в;;;;;;PR;В;PR;В
9285;;Burger;BURGER;NONLEX;;;, пошли в _Burger_ King , в;r;e;g;r;u;b;NONLEX;BURGER;NONLEX;R
9286;;King;KING;NONLEX;;;пошли в Burger _King_ , в KFC;g;n;i;k;;;NONLEX;KING;NONLEX;G
9287;;,;,;PUNCT;;;;;;;;;;PUNCT;;;
9288;;в;В;PR;;;Burger King , _в_ KFC и нажрались;в;;;;;;PR;В;PR;В
9289;;KFC;KFC;NONLEX;;;King , в _KFC_ и нажрались там;c;f;k;;;;NONLEX;KFC;NONLEX;C
9290;;и;И;CONJ;;;, в KFC _и_ нажрались там до;и;;;;;;CONJ;И;CONJ;И
9291;;нажрались;НАЖРАТЬСЯ;V pf praet pl indic - -;;;в KFC и _нажрались_ там до отвала;ь;с;и;л;а;р;V;НАЖРАТЬСЯ;V pf praet pl indic - -;Я
9292;;там;ТАМ;ADVPRO;;;KFC и нажрались _там_ до отвала ,;м;а;т;;;;ADV;ТАМ;ADV -;М
9293;;до;ДО;PR;;;и нажрались там _до_ отвала , наелись;о;д;;;;;PR;ДО;PR;О
9294;;отвала;ОТВАЛ;S m inan gen sg;;;нажрались там до _отвала_ , наелись .;а;л;а;в;т;о;S;ОТВАЛ;S m inan gen sg;Л
9295;;,;,;PUNCT;;;;;;;;;;PUNCT;;;
9296;;наелись;НАЕСТЬСЯ;V pf praet pl indic - -;;;до отвала , _наелись_ .  ;ь;с;и;л;е;а;V;НАЕСТЬСЯ;V pf praet pl indic - -;Я
9297;;.;.;PUNCT;;;;;;;;;;PUNCT;;;
9298;;;;;;;;;;;;;;;;;
9299;# sent = 764;;;;;;;;;;;;;;;;
9300;;Хорошо;ХОРОШО;PART;;;.   _Хорошо_ , буду говорить;о;ш;о;р;о;х;ADV;ХОРОШО;ADV -;О
9301;;,;,;PUNCT;;;;;;;;;;PUNCT;;;
9302;;буду;БЫТЬ;V ipf fut sg indic - 1p;;; Хорошо , _буду_ говорить прилично .;у;д;у;б;;;V;БЫТЬ;V ipf praes sg indic - 1p;Ь
9303;;говорить;ГОВОРИТЬ;V ipf - - inf - -;;;Хорошо , буду _говорить_ прилично . ;ь;т;и;р;о;в;V;ГОВОРИТЬ;V ipf - - inf - -;Ь
9304;;прилично;ПРИЛИЧНО;ADV -;;;, буду говорить _прилично_ .  ;о;н;ч;и;л;и;ADV;ПРИЛИЧНО;ADV -;О
9305;;.;.;PUNCT;;;;;;;;;;PUNCT;;;
9306;;;;;;;;;;;;;;;;;
9307;# sent = 765;;;;;;;;;;;;;;;;
9308;;Аа;А;INTJ;;;.   _Аа_ Потом пошли в;а;а;;;;;INTJ;АА;NONLEX;А
9309;;Потом;ПОТОМ;ADVPRO;;;  Аа _Потом_ пошли в Парк;м;о;т;о;п;;ADV;ПОТОМ;ADV -;М
9310;;пошли;ПОЙТИ;V pf praet pl indic - -;;; Аа Потом _пошли_ в Парк Горького;и;л;ш;о;п;;V;ПОЙТИ;V pf praet pl indic - -;И
9311;;в;В;PR;;;Аа Потом пошли _в_ Парк Горького ...;в;;;;;;PR;В;PR;В
9312;;Парк;ПАРК;S m inan acc sg;;;Потом пошли в _Парк_ Горького ... ;к;р;а;п;;;S;ПАРК;S m inan nom sg;К
9313;;Горького;ГОРЬКИЙ;S famn m anim gen sg;;;пошли в Парк _Горького_ ...  ;о;г;о;к;ь;р;S;ГОРЬКИЙ;S m anim gen sg;Й
9314;;...;...;PUNCT;;;;;;;;;;PUNCT;;;
9315;;;;;;;;;;;;;;;;;
9316;# sent = 766;;;;;;;;;;;;;;;;
9317;;Аа;А;INTJ;;;...   _Аа_ погу ... ;а;а;;;;;INTJ;АА;NONLEX;А
9318;;погу;ПОГА;S f inan acc sg;distort;;  Аа _погу_ ...  ;у;г;о;п;;;S;ПОГА;S f inan acc sg;А
9319;;...;...;PUNCT;;;;;;;;;;PUNCT;;;
9320;;;;;;;;;;;;;;;;;
9321;# sent = 767;;;;;;;;;;;;;;;;
9322;;Прогулялись;ПРОГУЛЯТЬСЯ;V pf praet pl indic - -;;;...   _Прогулялись_ по этой аллее;ь;с;и;л;я;л;V;ПРОГУЛЯТЬСЯ;V pf praet pl indic - -;Я
9323;;по;ПО;PR;;;  Прогулялись _по_ этой аллее студорганизаций;о;п;;;;;PR;ПО;PR;О
9324;;этой;ЭТОТ;APRO - dat sg plen f -;;; Прогулялись по _этой_ аллее студорганизаций .;й;о;т;э;;;APRO;ЭТОТ;A - loc sg plen f -;Т
9325;;аллее;АЛЛЕЯ;S f inan dat sg;;;Прогулялись по этой _аллее_ студорганизаций . ;е;е;л;л;а;;S;АЛЛЕЯ;S f inan loc sg;Я
9326;;студорганизаций;СТУДОРГАНИЗАЦИЯ;S f inan gen pl;;;по этой аллее _студорганизаций_ .  ;й;и;ц;а;з;и;S;СТУДОРГАНИЗАЦИЯ;S f inan gen pl;Я
9327;;.;.;PUNCT;;;;;;;;;;PUNCT;;;
9328;;;;;;;;;;;;;;;;;
9329;# sent = 768;;;;;;;;;;;;;;;;
9330;;Там;ТАМ;ADVPRO;;;.   _Там_ было не очень;м;а;т;;;;ADV;ТАМ;ADV -;М
9331;;было;БЫТЬ;V ipf praet sg indic n -;;;  Там _было_ не очень интересно;о;л;ы;б;;;V;БЫТЬ;V ipf praet sg indic n -;Ь
9332;;не;НЕ;PART;;; Там было _не_ очень интересно ,;е;н;;;;;PART;НЕ;PART;Е
9333;;очень;ОЧЕНЬ;ADV -;;;Там было не _очень_ интересно , потому что;ь;н;е;ч;о;;ADV;ОЧЕНЬ;ADV -;Ь
9334;;интересно;ИНТЕРЕСНЫЙ;PRAEDIC - ;;;было не очень _интересно_ , потому что мы;о;н;с;е;р;е;A;ИНТЕРЕСНЫЙ;A - - sg brev n -;Й
9335;;,;,;PUNCT;;;;;;;;;;PUNCT;;;
9336;;потому что;потому что;CONJ;;;очень интересно , _потому что_ мы думали ,;о;т;ч; ;у;м;CONJ;потому что;CONJ;о
9337;;мы;МЫ;SPRO pl 1p - nom;;;интересно , потому что _мы_ думали , что;ы;м;;;;;SPRO;МЫ;SPRO pl 1p - nom;Ы
9338;;думали;ДУМАТЬ;V ipf praet pl indic - -;;;, потому что мы _думали_ , что там;и;л;а;м;у;д;V;ДУМАТЬ;V ipf praet pl indic - -;Ь
9339;;,;,;PUNCT;;;;;;;;;;PUNCT;;;
9340;;что;ЧТО;CONJ;;;мы думали , _что_ там будут большие;о;т;ч;;;;CONJ;ЧТО;CONJ;О
9341;;там;ТАМ;ADVPRO;;;думали , что _там_ будут большие вывески;м;а;т;;;;ADV;ТАМ;ADV -;М
9342;;будут;БЫТЬ;V ipf fut pl indic - 3p;;;, что там _будут_ большие вывески и;т;у;д;у;б;;V;БЫТЬ;V ipf praes pl indic - 3p;Ь
9343;;большие;БОЛЬШОЙ;A - nom pl plen - -;;;что там будут _большие_ вывески и можно;е;и;ш;ь;л;о;A;БОЛЬШОЙ;A - nom pl plen - -;Й
9344;;вывески;ВЫВЕСКА;S f inan nom pl;;;там будут большие _вывески_ и можно будет;и;к;с;е;в;ы;S;ВЫВЕСКА;S f inan nom pl;А
9345;;и;И;CONJ;;;будут большие вывески _и_ можно будет понять;и;;;;;;CONJ;И;CONJ;И
9346;;можно;МОЖНО;PRAEDIC;;;большие вывески и _можно_ будет понять ,;о;н;ж;о;м;;PRAEDIC;МОЖНО;PRAEDIC;О
9347;;будет;БЫТЬ;V ipf fut sg indic - 3p;;;вывески и можно _будет_ понять , аа;т;е;д;у;б;;V;БЫТЬ;V ipf praes sg indic - 3p;Ь
9348;;понять;ПОНЯТЬ;V pf - - inf - -;;;и можно будет _понять_ , аа как бы;ь;т;я;н;о;п;V;ПОНЯТЬ;V pf - - inf - -;Ь
9349;;,;,;PUNCT;;;;;;;;;;PUNCT;;;
9350;;аа;А;INTJ;;;будет понять , _аа_ как бы , что;а;а;;;;;INTJ;АА;NONLEX;А
9351;;как бы;как бы;PART;;;понять , аа _как бы_ , что это;ы;б; ;к;а;к;PART;как бы;ADV -;ы
9352;;,;,;PUNCT;;;;;;;;;;PUNCT;;;
9353;;что;ЧТО;CONJ;;;аа как бы , _что_ это за организация;о;т;ч;;;;CONJ;ЧТО;CONJ;О
9354;;это;ЭТО;SPRO n - nom sg;;;как бы , что _это_ за организация ,;о;т;э;;;;SPRO;ЭТО;S n - nom sg;О
9355;;за;ЗА;PR;;;, что это _за_ организация , но;а;з;;;;;PR;ЗА;PR;А
9356;;организация;ОРГАНИЗАЦИЯ;S f inan nom sg;;;что это за _организация_ , но просто;я;и;ц;а;з;и;S;ОРГАНИЗАЦИЯ;S f inan nom sg;Я
9357;;,;,;PUNCT;;;;;;;;;;PUNCT;;;
9358;;но;НО;CONJ;;;за организация , _но_ просто нужно было;о;н;;;;;CONJ;НО;CONJ;О
9359;;просто;ПРОСТО;PART;;;организация , но _просто_ нужно было подходить;о;т;с;о;р;п;PART;ПРОСТО;PART;О
9360;;нужно;НУЖНО;PRAEDIC;;;, но просто _нужно_ было подходить куда-то;о;н;ж;у;н;;PRAEDIC;НУЖНО;ADV -;О
9361;;было;БЫТЬ;V ipf praet sg indic n -;;;но просто нужно _было_ подходить куда-то к;о;л;ы;б;;;V;БЫТЬ;V ipf praet sg indic n -;Ь
9362;;подходить;ПОДХОДИТЬ;V ipf - - inf - -;;;просто нужно было _подходить_ куда-то к большой;ь;т;и;д;о;х;V;ПОДХОДИТЬ;V ipf - - inf - -;Ь
9363;;куда-то;КУДА-ТО;ADVPRO;;;нужно было подходить _куда-то_ к большой толпе;о;т;-;а;д;у;ADV;КУДА-ТО;ADV -;О
9364;;к;К;PR;;;было подходить куда-то _к_ большой толпе людей;к;;;;;;PR;К;PR;К
9365;;большой;БОЛЬШОЙ;A - dat sg plen f -;;;подходить куда-то к _большой_ толпе людей и;й;о;ш;ь;л;о;A;БОЛЬШОЙ;A - loc sg plen f -;Й
9366;;толпе;ТОЛПА;S f inan dat sg;;;куда-то к большой _толпе_ людей и спрашивать;е;п;л;о;т;;S;ТОЛПА;S f inan loc sg;А
9367;;людей;ЧЕЛОВЕК;S m anim gen pl;;;к большой толпе _людей_ и спрашивать :;й;е;д;ю;л;;S;ЧЕЛОВЕК;S m anim gen pl;К
9368;;и;И;CONJ;;;большой толпе людей _и_ спрашивать : «;и;;;;;;CONJ;И;CONJ;И
9369;;спрашивать;СПРАШИВАТЬ;V ipf - - inf - -;;;толпе людей и _спрашивать_ : « А;ь;т;а;в;и;ш;V;СПРАШИВАТЬ;V ipf - - inf - -;Ь
9370;;:;:;PUNCT;;;;;;;;;;PUNCT;;;
9371;;«;«;PUNCT;;;;;;;;;;PUNCT;;;
9372;;А;А;CONJ;;;спрашивать : « _А_ что здесь такое;а;;;;;;CONJ;А;CONJ;А
9373;;что;ЧТО;CONJ;;;: « А _что_ здесь такое ?;о;т;ч;;;;CONJ;ЧТО;CONJ;О
9374;;здесь;ЗДЕСЬ;ADVPRO;;;« А что _здесь_ такое ? »;ь;с;е;д;з;;ADV;ЗДЕСЬ;ADV -;Ь
9375;;такое;ТАКОЙ;APRO - nom sg plen n -;;;А что здесь _такое_ ? » .;е;о;к;а;т;;APRO;ТАКОЙ;A - nom sg plen n -;Й
9376;;?;?;PUNCT;;;;;;;;;;PUNCT;;;
9377;;»;»;PUNCT;;;;;;;;;;PUNCT;;;
9378;;.;.;PUNCT;;;;;;;;;;PUNCT;;;
9379;;;;;;;;;;;;;;;;;
9380;# sent = 769;;;;;;;;;;;;;;;;
9381;;В;В;PR;;;.   _В_ общем , потом;в;;;;;;PR;В;PR;В
9382;;общем;ОБЩИЙ;A - loc sg plen m -;;;  В _общем_ , потом мы;м;е;щ;б;о;;A;ОБЩИЙ;A - loc sg plen m -;Й
9383;;,;,;PUNCT;;;;;;;;;;PUNCT;;;
9384;;потом;ПОТОМ;ADVPRO;;;В общем , _потом_ мы пошли на;м;о;т;о;п;;ADV;ПОТОМ;ADV -;М
9385;;мы;МЫ;SPRO pl 1p - nom;;;общем , потом _мы_ пошли на научные;ы;м;;;;;SPRO;МЫ;SPRO pl 1p - nom;Ы
9386;;пошли;ПОЙТИ;V pf praet pl indic - -;;;, потом мы _пошли_ на научные бои;и;л;ш;о;п;;V;ПОЙТИ;V pf praet pl indic - -;И
9387;;на;НА;PR;;;потом мы пошли _на_ научные бои ради;а;н;;;;;PR;НА;PR;А
9388;;научные;НАУЧНЫЙ;A - acc pl plen - inan;;;мы пошли на _научные_ бои ради ;е;ы;н;ч;у;а;A;НАУЧНЫЙ;A - acc pl plen - inan;Й
9389;;бои;БОЙ;S m inan acc pl;;;пошли на научные _бои_ ради  бэжедэ;и;о;б;;;;S;БОЙ;S m inan acc pl;Й
9390;;ради;РАДИ;PR;;;на научные бои _ради_  бэжедэ ;и;д;а;р;;;PR;РАДИ;PR;И
9391;"<distinct form=""";;;;;;;;;;;;;;;;
9392;<dist>;бэжедэ;;;;;;;;;;;;;;;
9393;""">";;;;;;;;;;;;;;;;
9394;;БЖД;БЖД;NONLEX;;; бэжедэ  _БЖД_  , ;д;ж;б;;;;NONLEX;БЖД;NONLEX;Д
9395;</distinct>;;;;;;;;;;;;;;;;
9396;;,;,;PUNCT;;;;;;;;;;PUNCT;;;
9397;"<span class=""note"">";;;;;;;;;;;;;;;;
9398;<note>;смеется;;;;;;;;;;;;;;;
9399;</span>;;;;;;;;;;;;;;;;
9400;;но;НО;CONJ;;; смеется  _но_ не смогли ничего;о;н;;;;;CONJ;НО;CONJ;О
9401;;не;НЕ;PART;;;смеется  но _не_ смогли ничего там;е;н;;;;;PART;НЕ;PART;Е
9402;;смогли;СМОЧЬ;V pf praet pl indic - -;;; но не _смогли_ ничего там сфотографировать;и;л;г;о;м;с;V;СМОЧЬ;V pf praet pl indic - -;Ь
9403;;ничего;НИЧТО;SPRO n inan gen sg;;;но не смогли _ничего_ там сфотографировать ,;о;г;е;ч;и;н;SPRO;НИЧТО;S n - gen sg;О
9404;;там;ТАМ;ADVPRO;;;не смогли ничего _там_ сфотографировать , потому что;м;а;т;;;;ADV;ТАМ;ADV -;М
9405;;сфотографировать;СФОТОГРАФИРОВАТЬ;V pf - - inf - -;;;смогли ничего там _сфотографировать_ , потому что там;ь;т;а;в;о;р;V;СФОТОГРАФИРОВАТЬ;V pf - - inf - -;Ь
9406;;,;,;PUNCT;;;;;;;;;;PUNCT;;;
9407;;потому что;потому что;CONJ;;;там сфотографировать , _потому что_ там все было;о;т;ч; ;у;м;CONJ;потому что;CONJ;о
9408;;там;ТАМ;ADVPRO;;;сфотографировать , потому что _там_ все было забито;м;а;т;;;;ADV;ТАМ;ADV -;М
9409;;все;ВСЕ;SPRO n inan nom sg;;;, потому что там _все_ было забито людьми;е;с;в;;;;S;ВСЕ;S - - acc pl;Е
9410;;было;БЫТЬ;V ipf praet sg indic n -;;;потому что там все _было_ забито людьми .;о;л;ы;б;;;V;БЫТЬ;V ipf praet sg indic n -;Ь
9411;;забито;ЗАБИТЫЙ;V brev pass partcp;;;там все было _забито_ людьми . ;о;т;и;б;а;з;A;ЗАБИТЫЙ;A - - sg brev n -;Й
9412;;людьми;ЧЕЛОВЕК;S m anim ins pl;;;все было забито _людьми_ .  ;и;м;ь;д;ю;л;S;ЧЕЛОВЕК;S m anim ins pl;К
9413;;.;.;PUNCT;;;;;;;;;;PUNCT;;;
9414;;;;;;;;;;;;;;;;;
9415;# sent = 770;;;;;;;;;;;;;;;;
9416;# speaker = Катя;;;;;;;;;;;;;;;;
9417;# sent = 771;;;;;;;;;;;;;;;;
9418;;Аа;А;INTJ;;;   _Аа_ потом началось интересное;а;а;;;;;INTJ;АА;NONLEX;А
9419;;потом;ПОТОМ;ADVPRO;;;  Аа _потом_ началось интересное .;м;о;т;о;п;;ADV;ПОТОМ;ADV -;М
9420;;началось;НАЧАТЬСЯ;V pf praet sg indic n -;;; Аа потом _началось_ интересное . ;ь;с;о;л;а;ч;V;НАЧАТЬСЯ;V pf praet sg indic n -;Я
9421;;интересное;ИНТЕРЕСНОЕ;S n inan nom sg;;;Аа потом началось _интересное_ .  ;е;о;н;с;е;р;A;ИНТЕРЕСНЫЙ;A - nom sg plen n -;Е
9422;;.;.;PUNCT;;;;;;;;;;PUNCT;;;
9423;;;;;;;;;;;;;;;;;
9424;# sent = 772;;;;;;;;;;;;;;;;
9425;;Мы;МЫ;SPRO pl 1p - nom;;;.   _Мы_ пошли на набережную;ы;м;;;;;SPRO;МЫ;SPRO pl 1p - nom;Ы
9426;;пошли;ПОЙТИ;V pf praet pl indic - -;;;  Мы _пошли_ на набережную …;и;л;ш;о;п;;V;ПОЙТИ;V pf praet pl indic - -;И
9427;;на;НА;PR;;; Мы пошли _на_ набережную … ;а;н;;;;;PR;НА;PR;А
9428;;набережную;НАБЕРЕЖНАЯ;S f inan acc sg;;;Мы пошли на _набережную_ …  ;ю;у;н;ж;е;р;S;НАБЕРЕЖНАЯ;S f inan acc sg;Я
9429;;…;…;PUNCT;;;;;;;;;;PUNCT;;;
9430;;;;;;;;;;;;;;;;;
9431;# sent = 773;;;;;;;;;;;;;;;;
9432;;Аа;А;INTJ;;;…   _Аа_ поучаствовали в какой-то;а;а;;;;;INTJ;АА;NONLEX;А
9433;;поучаствовали;ПОУЧАСТВОВАТЬ;V pf praet pl indic - -;;;  Аа _поучаствовали_ в какой-то викторине;и;л;а;в;о;в;V;ПОУЧАСТВОВАТЬ;V pf praet pl indic - -;Ь
9434;;в;В;PR;;; Аа поучаствовали _в_ какой-то викторине и;в;;;;;;PR;В;PR;В
9435;;какой-то;КАКОЙ-ТО;APRO - loc sg plen m inan;;;Аа поучаствовали в _какой-то_ викторине и выиграли;о;т;-;й;о;к;APRO;КАКОЙ-ТО;A - acc sg plen m inan;О
9436;;викторине;ВИКТОРИНА;S f inan loc sg;;;поучаствовали в какой-то _викторине_ и выиграли …;е;н;и;р;о;т;S;ВИКТОРИНА;S m inan acc sg;А
9437;;и;И;CONJ;;;в какой-то викторине _и_ выиграли … ;и;;;;;;CONJ;И;CONJ;И
9438;;выиграли;ВЫИГРАТЬ;V pf praet pl indic - -;;;какой-то викторине и _выиграли_ …  ;и;л;а;р;г;и;V;ВЫИГРАТЬ;V pf praet pl indic - -;Ь
9439;;…;…;PUNCT;;;;;;;;;;PUNCT;;;
9440;;;;;;;;;;;;;;;;;
9441;# sent = 774;;;;;;;;;;;;;;;;
9442;;Ну;НУ;PART;;;…   _Ну_ , не выиграли;у;н;;;;;PART;НУ;PART;У
9443;;,;,;PUNCT;;;;;;;;;;PUNCT;;;
9444;;не;НЕ;PART;;; Ну , _не_ выиграли , в;е;н;;;;;PART;НЕ;PART;Е
9445;;выиграли;ВЫИГРАТЬ;V pf praet pl indic - -;;;Ну , не _выиграли_ , в общем;и;л;а;р;г;и;V;ВЫИГРАТЬ;V pf praet pl indic - -;Ь
9446;;,;,;PUNCT;;;;;;;;;;PUNCT;;;
9447;;в;В;PR;;;не выиграли , _в_ общем , нам;в;;;;;;PR;В;PR;В
9448;;общем;ОБЩИЙ;A - loc sg plen m -;;;выиграли , в _общем_ , нам дали;м;е;щ;б;о;;A;ОБЩИЙ;A - loc sg plen m -;Й
9449;;,;,;PUNCT;;;;;;;;;;PUNCT;;;
9450;;нам;МЫ;SPRO pl 1p - dat;;;в общем , _нам_ дали купончики и;м;а;н;;;;SPRO;МЫ;SPRO pl 1p - dat;Ы
9451;;дали;ДАЛЬ;V pf praet pl indic - -;;;общем , нам _дали_ купончики и мы;и;л;а;д;;;S;ДАЛЬ;S f inan loc sg;Ь
9452;;купончики;КУПОНЧИК;S m inan acc pl;;;, нам дали _купончики_ и мы поели;и;к;и;ч;н;о;S;КУПОНЧИК;S m inan acc pl;К
9453;;и;И;CONJ;;;нам дали купончики _и_ мы поели бесплатную;и;;;;;;CONJ;И;CONJ;И
9454;;мы;МЫ;SPRO pl 1p - nom;;;дали купончики и _мы_ поели бесплатную еду;ы;м;;;;;SPRO;МЫ;SPRO pl 1p - nom;Ы
9455;;поели;ПОЕСТЬ;V pf praet pl indic - -;;;купончики и мы _поели_ бесплатную еду ,;и;л;е;о;п;;V;ПОЕСТЬ;V pf praet pl indic - -;Ь
9456;;бесплатную;БЕСПЛАТНЫЙ;A - acc sg plen f -;;;и мы поели _бесплатную_ еду , которая;ю;у;н;т;а;л;A;БЕСПЛАТНЫЙ;A - acc sg plen f -;Й
9457;;еду;ЕДА;S f inan acc sg;;;мы поели бесплатную _еду_ , которая у;у;д;е;;;;S;ЕДА;S f inan acc sg;А
9458;;,;,;PUNCT;;;;;;;;;;PUNCT;;;
9459;;которая;КОТОРЫЙ;APRO - nom sg plen f -;;;бесплатную еду , _которая_ у нас потом;я;а;р;о;т;о;APRO;КОТОРЫЙ;A - nom sg plen f -;Й
9460;;у;У;PR;;;еду , которая _у_ нас потом разлетелась;у;;;;;;PR;У;PR;У
9461;;нас;МЫ;SPRO pl 1p - gen;;;, которая у _нас_ потом разлетелась ,;с;а;н;;;;SPRO;МЫ;SPRO pl 1p - loc;Ы
9462;;потом;ПОТОМ;ADVPRO;;;которая у нас _потом_ разлетелась , потому что;м;о;т;о;п;;ADV;ПОТОМ;ADV -;М
9463;;разлетелась;РАЗЛЕТАТЬСЯ;V pf praet sg indic f -;;;у нас потом _разлетелась_ , потому что был;ь;с;а;л;е;т;V;РАЗЛЕТАТЬСЯ;V pf praet sg indic f -;Я
9464;;,;,;PUNCT;;;;;;;;;;PUNCT;;;
9465;;потому что;потому что;CONJ;;;потом разлетелась , _потому что_ был ветер .;о;т;ч; ;у;м;CONJ;потому что;CONJ;о
9466;;был;БЫТЬ;V ipf praet sg indic m -;;;разлетелась , потому что _был_ ветер . ;л;ы;б;;;;V;БЫТЬ;V ipf praet sg indic m -;Ь
9467;;ветер;ВЕТЕР;S m inan nom sg;;;, потому что был _ветер_ .  ;р;е;т;е;в;;S;ВЕТЕР;S m inan nom sg;Р
9468;;.;.;PUNCT;;;;;;;;;;PUNCT;;;
9469;;;;;;;;;;;;;;;;;
9470;# sent = 775;;;;;;;;;;;;;;;;
9471;;Аа;А;INTJ;;;.   _Аа_ потом ... мы;а;а;;;;;INTJ;АА;NONLEX;А
9472;;потом;ПОТОМ;ADVPRO;;;  Аа _потом_ ... мы пошли;м;о;т;о;п;;ADV;ПОТОМ;ADV -;М
9473;;...;...;PUNCT;;;;;;;;;;PUNCT;;;
9474;;мы;МЫ;SPRO pl 1p - nom;;;Аа потом ... _мы_ пошли на соулмейтинг;ы;м;;;;;SPRO;МЫ;SPRO pl 1p - nom;Ы
9475;;пошли;ПОЙТИ;V pf praet pl indic - -;;;потом ... мы _пошли_ на соулмейтинг ,;и;л;ш;о;п;;V;ПОЙТИ;V pf praet pl indic - -;И
9476;;на;НА;PR;;;... мы пошли _на_ соулмейтинг , записались;а;н;;;;;PR;НА;PR;А
9477;;соулмейтинг;СОУЛМЕЙТИНГ;S m inan acc sg;new;;мы пошли на _соулмейтинг_ , записались …;г;н;и;т;й;е;S;СОУЛМЕЙТИНГ;S m inan acc sg;Г
9478;;,;,;PUNCT;;;;;;;;;;PUNCT;;;
9479;;записались;ЗАПИСАТЬСЯ;V pf praet pl indic - -;;;на соулмейтинг , _записались_ … на пятый;ь;с;и;л;а;с;V;ЗАПИСАТЬСЯ;V pf praet pl indic - -;Я
9480;;…;…;PUNCT;;;;;;;;;;PUNCT;;;
9481;;на;НА;PR;;;, записались … _на_ пятый раунд ,;а;н;;;;;PR;НА;PR;А
9482;;пятый;ПЯТЫЙ;ANUM - acc sg plen m inan;;;записались … на _пятый_ раунд , ждали;й;ы;т;я;п;;ANUM;ПЯТЫЙ;A - acc sg plen m inan;Й
9483;;раунд;РАУНД;S m inan acc sg;;;… на пятый _раунд_ , ждали по-моему;д;н;у;а;р;;S;РАУНД;S m inan nom sg;Д
9484;;,;,;PUNCT;;;;;;;;;;PUNCT;;;
9485;;ждали;ЖДАТЬ;V ipf praet pl indic - -;;;пятый раунд , _ждали_ по-моему час там;и;л;а;д;ж;;V;ЖДАТЬ;V ipf praet pl indic - -;Ь
9486;;по-моему;ПО-МОЕМУ;PARENTH;;;раунд , ждали _по-моему_ час там ,;у;м;е;о;м;-;ADV;ПО-МОЕМУ;ADV -;У
9487;;час;ЧАС;S m inan acc sg;;;, ждали по-моему _час_ там , гуляли;с;а;ч;;;;S;ЧАС;S m inan acc sg;С
9488;;там;ТАМ;ADVPRO;;;ждали по-моему час _там_ , гуляли .;м;а;т;;;;ADV;ТАМ;ADV -;М
9489;;,;,;PUNCT;;;;;;;;;;PUNCT;;;
9490;;гуляли;ГУЛЯТЬ;V ipf praet pl indic - -;;;час там , _гуляли_ .  ;и;л;я;л;у;г;V;ГУЛЯТЬ;V ipf praet pl indic - -;Ь
9491;;.;.;PUNCT;;;;;;;;;;PUNCT;;;
9492;;;;;;;;;;;;;;;;;
9493;# sent = 776;;;;;;;;;;;;;;;;
9494;;Значит;ЗНАЧИТ;PARENTH;;;.   _Значит_ , пришли .;т;и;ч;а;н;з;ADV;ЗНАЧИТ;ADV -;Т
9495;;,;,;PUNCT;;;;;;;;;;PUNCT;;;
9496;;пришли;ПРИЙТИ;V pf praet pl indic - -;;; Значит , _пришли_ .  ;и;л;ш;и;р;п;V;ПРИЙТИ;V pf praet pl indic - -;И
9497;;.;.;PUNCT;;;;;;;;;;PUNCT;;;
9498;;;;;;;;;;;;;;;;;
9499;# sent = 777;;;;;;;;;;;;;;;;
9500;;Аа;А;INTJ;;;.   _Аа_ ... мы думали;а;а;;;;;INTJ;АА;NONLEX;А
9501;;...;...;PUNCT;;;;;;;;;;PUNCT;;;
9502;;мы;МЫ;SPRO pl 1p - nom;;; Аа ... _мы_ думали , что;ы;м;;;;;SPRO;МЫ;SPRO pl 1p - nom;Ы
9503;;думали;ДУМАТЬ;V ipf praet pl indic - -;;;Аа ... мы _думали_ , что там;и;л;а;м;у;д;V;ДУМАТЬ;V ipf praet pl indic - -;Ь
9504;;,;,;PUNCT;;;;;;;;;;PUNCT;;;
9505;;что;ЧТО;CONJ;;;мы думали , _что_ там будут какие-нибудь;о;т;ч;;;;CONJ;ЧТО;CONJ;О
9506;;там;ТАМ;ADVPRO;;;думали , что _там_ будут какие-нибудь симпатичные;м;а;т;;;;ADV;ТАМ;ADV -;М
9507;;будут;БЫТЬ;V ipf fut pl indic - 3p;;;, что там _будут_ какие-нибудь симпатичные мальчики;т;у;д;у;б;;V;БЫТЬ;V ipf praes pl indic - 3p;Ь
9508;;какие-нибудь;КАКОЙ-НИБУДЬ;APRO - nom pl plen - -;;;что там будут _какие-нибудь_ симпатичные мальчики ,;ь;д;у;б;и;н;APRO;КАКОЙ-НИБУДЬ;A - nom pl plen - -;Ь
9509;;симпатичные;СИМПАТИЧНЫЙ;A - nom pl plen - -;;;там будут какие-нибудь _симпатичные_ мальчики , но;е;ы;н;ч;и;т;A;СИМПАТИЧНЫЙ;A - nom pl plen - -;Й
9510;;мальчики;МАЛЬЧИК;S m anim nom pl;;;будут какие-нибудь симпатичные _мальчики_ , но там;и;к;и;ч;ь;л;S;МАЛЬЧИК;S m anim nom pl;К
9511;;,;,;PUNCT;;;;;;;;;;PUNCT;;;
9512;;но;НО;CONJ;;;симпатичные мальчики , _но_ там . ;о;н;;;;;CONJ;НО;CONJ;О
9513;;там;ТАМ;ADVPRO;;;мальчики , но _там_ .  ;м;а;т;;;;ADV;ТАМ;ADV -;М
9514;;.;.;PUNCT;;;;;;;;;;PUNCT;;;
9515;;;;;;;;;;;;;;;;;
9516;# sent = 778;;;;;;;;;;;;;;;;
9517;;.;.;PUNCT;;;;;;;;;;PUNCT;;;
9518;;а;А;INTJ;;;  . _а_ .. были почти;а;;;;;;CONJ;А;CONJ;А
9519;;..;..;PUNCT;;;;;;;;;;PUNCT;;;
9520;;были;БЫТЬ;V ipf praet pl indic - -;;;. а .. _были_ почти все бабы;и;л;ы;б;;;V;БЫТЬ;V ipf praet pl indic - -;Ь
9521;;почти;ПОЧТИ;ADV -;;;а .. были _почти_ все бабы ,;и;т;ч;о;п;;ADV;ПОЧТИ;ADV -;И
9522;;все;ВЕСЬ;APRO - nom pl plen - -;;;.. были почти _все_ бабы , было;е;с;в;;;;APRO;ВЕСЬ;A - nom pl plen - -;Ь
9523;;бабы;БАБА;S f anim nom pl;;;были почти все _бабы_ , было только;ы;б;а;б;;;S;БАБА;S f anim nom pl;А
9524;;,;,;PUNCT;;;;;;;;;;PUNCT;;;
9525;;было;БЫТЬ;V ipf praet sg indic n -;;;все бабы , _было_ только три парня;о;л;ы;б;;;V;БЫТЬ;V ipf praet sg indic n -;Ь
9526;;только;ТОЛЬКО;PART;;;бабы , было _только_ три парня ,;о;к;ь;л;о;т;PART;ТОЛЬКО;PART;О
9527;;три;ТРИ;NUM nom - -;;;, было только _три_ парня , аа;и;р;т;;;;NUM;ТРИ;NUM nom - -;И
9528;;парня;ПАРЕНЬ;S m anim gen sg;;;было только три _парня_ , аа и;я;н;р;а;п;;S;ПАРЕНЬ;S m anim gen sg;Ь
9529;;,;,;PUNCT;;;;;;;;;;PUNCT;;;
9530;;аа;А;INTJ;;;три парня , _аа_ и перед началом;а;а;;;;;INTJ;АА;NONLEX;А
9531;;и;И;CONJ;;;парня , аа _и_ перед началом нас;и;;;;;;CONJ;И;CONJ;И
9532;;перед;ПЕРЕД;PR;;;, аа и _перед_ началом нас рассадили;д;е;р;е;п;;PR;ПЕРЕД;PR;Д
9533;;началом;НАЧАЛО;S n inan ins sg;;;аа и перед _началом_ нас рассадили ,;м;о;л;а;ч;а;S;НАЧАЛО;S n inan ins sg;О
9534;;нас;МЫ;SPRO pl 1p - acc;;;и перед началом _нас_ рассадили , и;с;а;н;;;;SPRO;МЫ;SPRO pl 1p - loc;Ы
9535;;рассадили;РАССАДИТЬ;V pf praet pl indic - -;;;перед началом нас _рассадили_ , и я;и;л;и;д;а;с;V;РАССАДИТЬ;V pf praet pl indic - -;Ь
9536;;,;,;PUNCT;;;;;;;;;;PUNCT;;;
9537;;и;И;CONJ;;;нас рассадили , _и_ я села с;и;;;;;;CONJ;И;CONJ;И
9538;;я;Я;SPRO sg 1p - nom;;;рассадили , и _я_ села с одним;я;;;;;;SPRO;Я;SPRO sg 1p - nom;Я
9539;;села;СЕСТЬ;V pf praet sg indic f 1p;;;, и я _села_ с одним парнем;а;л;е;с;;;S;СЕЛО;S n inan acc pl;Ь
9540;;с;С;PR;;;и я села _с_ одним парнем ,;с;;;;;;PR;С;PR;С
9541;;одним;ОДИН;ANUM - ins sg plen m -;;;я села с _одним_ парнем , и;м;и;н;д;о;;ANUM;ОДИН;A - ins sg plen m -;Н
9542;;парнем;ПАРЕНЬ;S m anim ins sg;;;села с одним _парнем_ , и ;м;е;н;р;а;п;S;ПАРЕНЬ;S m anim ins sg;Ь
9543;;,;,;PUNCT;;;;;;;;;;PUNCT;;;
9544;;и;И;CONJ;;;одним парнем , _и_  Смеется ;и;;;;;;CONJ;И;CONJ;И
9545;"<span class=""note"">";;;;;;;;;;;;;;;;
9546;<note>;Смеется;;;;;;;;;;;;;;;
9547;</span>;;;;;;;;;;;;;;;;
9548;;оставалось;ОСТАВАТЬСЯ;V ipf praet sg indic n -;;; Смеется  _оставалось_ десять минут до;ь;с;о;л;а;в;V;ОСТАВАТЬСЯ;V ipf praet sg indic n -;Я
9549;;десять;ДЕСЯТЬ;NUM acc - -;;;Смеется  оставалось _десять_ минут до начала;ь;т;я;с;е;д;NUM;ДЕСЯТЬ;NUM acc - -;Ь
9550;;минут;МИНУТА;S f inan gen pl;;; оставалось десять _минут_ до начала .;т;у;н;и;м;;S;МИНУТА;S f inan gen pl;А
9551;;до;ДО;PR;;;оставалось десять минут _до_ начала . ;о;д;;;;;PR;ДО;PR;О
9552;;начала;НАЧАЛО;S n inan gen sg;;;десять минут до _начала_ .  ;а;л;а;ч;а;н;S;НАЧАЛО;S n inan gen sg;О
9553;;.;.;PUNCT;;;;;;;;;;PUNCT;;;
9554;;;;;;;;;;;;;;;;;
9555;# sent = 779;;;;;;;;;;;;;;;;
9556;;И;И;CONJ;;;.   _И_ мы десять минут;и;;;;;;CONJ;И;CONJ;И
9557;;мы;МЫ;SPRO pl 1p - nom;;;  И _мы_ десять минут сидели;ы;м;;;;;SPRO;МЫ;SPRO pl 1p - nom;Ы
9558;;десять;ДЕСЯТЬ;NUM acc - -;;; И мы _десять_ минут сидели ,;ь;т;я;с;е;д;NUM;ДЕСЯТЬ;NUM acc - -;Ь
9559;;минут;МИНУТА;S f inan gen pl;;;И мы десять _минут_ сидели , разговаривали;т;у;н;и;м;;S;МИНУТА;S f inan gen pl;А
9560;;сидели;СИДЕТЬ;V ipf praet pl indic - -;;;мы десять минут _сидели_ , разговаривали о;и;л;е;д;и;с;V;СИДЕТЬ;V ipf praet pl indic - -;Ь
9561;;,;,;PUNCT;;;;;;;;;;PUNCT;;;
9562;;разговаривали;РАЗГОВАРИВАТЬ;V ipf praet pl indic - -;;;минут сидели , _разговаривали_ о какой-то фигне;и;л;а;в;и;р;V;РАЗГОВАРИВАТЬ;V ipf praet pl indic - -;Ь
9563;;о;О;PR;;;сидели , разговаривали _о_ какой-то фигне …;о;;;;;;PR;О;PR;О
9564;;какой-то;КАКОЙ-ТО;APRO - loc sg plen f -;;;, разговаривали о _какой-то_ фигне … ;о;т;-;й;о;к;APRO;КАКОЙ-ТО;A - ins sg plen f -;О
9565;;фигне;ФИГНЯ;S f inan loc sg;;;разговаривали о какой-то _фигне_ …  ;е;н;г;и;ф;;S;ФИГНЯ;S f inan loc sg;Я
9566;;…;…;PUNCT;;;;;;;;;;PUNCT;;;
9567;;;;;;;;;;;;;;;;;
9568;# sent = 780;;;;;;;;;;;;;;;;
9569;;Он;ОН;SPRO sg 3p m nom;;;…   _Он_ смотрел на меня;н;о;;;;;SPRO;ОН;SPRO sg 3p m nom;Н
9570;;смотрел;СМОТРЕТЬ;V ipf praet sg indic m -;;;  Он _смотрел_ на меня как;л;е;р;т;о;м;V;СМОТРЕТЬ;V ipf praet sg indic m -;Ь
9571;;на;НА;PR;;; Он смотрел _на_ меня как на;а;н;;;;;PR;НА;PR;А
9572;;меня;Я;SPRO sg 1p - acc;;;Он смотрел на _меня_ как на говно;я;н;е;м;;;SPRO;Я;SPRO sg 1p - acc;Я
9573;;как;КАК;CONJ;;;смотрел на меня _как_ на говно ,;к;а;к;;;;CONJ;КАК;CONJ;К
9574;;на;НА;PR;;;на меня как _на_ говно , ;а;н;;;;;PR;НА;PR;А
9575;;говно;ГОВНО;S n inan acc sg;;;меня как на _говно_ ,  Смеется;о;н;в;о;г;;S;ГОВНО;S n inan acc sg;О
9576;;,;,;PUNCT;;;;;;;;;;PUNCT;;;
9577;"<span class=""note"">";;;;;;;;;;;;;;;;
9578;<note>;Смеется;;;;;;;;;;;;;;;
9579;</span>;;;;;;;;;;;;;;;;
9580;<noindex>[нрзб]</noindex>;;;;;;;;;;;;;;;;
9581;;думал;ДУМАТЬ;V ipf praet sg indic m -;;;Смеется   _думал_ , че за;л;а;м;у;д;;V;ДУМАТЬ;V ipf praet sg indic m -;Ь
9582;;,;,;PUNCT;;;;;;;;;;PUNCT;;;
9583;;че;ЧЕ;SPRO n inan nom sg;distort;; думал , _че_ за дичь перед;е;ч;;;;;SPRO;ЧЕ;S n inan nonflex -;Е
9584;;за;ЗА;PR;;;думал , че _за_ дичь перед ним;а;з;;;;;PR;ЗА;PR;А
9585;;дичь;ДИЧЬ;S f inan nom sg;;;, че за _дичь_ перед ним сидит;ь;ч;и;д;;;S;ДИЧЬ;S f inan acc sg;Ь
9586;;перед;ПЕРЕД;PR;;;че за дичь _перед_ ним сидит .;д;е;р;е;п;;PR;ПЕРЕД;PR;Д
9587;;ним;ОН;SPRO sg 3p m ins;;;за дичь перед _ним_ сидит . ;м;и;н;;;;SPRO;ОН;SPRO sg 3p m ins;Н
9588;;сидит;СИДЕТЬ;V ipf praes sg indic - 3p;;;дичь перед ним _сидит_ .  ;т;и;д;и;с;;V;СИДЕТЬ;V ipf praes sg indic - 3p;Ь
9589;;.;.;PUNCT;;;;;;;;;;PUNCT;;;
9590;;;;;;;;;;;;;;;;;
9591;# sent = 781;;;;;;;;;;;;;;;;
9592;;А;А;CONJ;;;.   _А_ , вот ,;а;;;;;;CONJ;А;CONJ;А
9593;;,;,;PUNCT;;;;;;;;;;PUNCT;;;
9594;;вот;ВОТ;PART;;; А , _вот_ , потом ,;т;о;в;;;;PART;ВОТ;PART;Т
9595;;,;,;PUNCT;;;;;;;;;;PUNCT;;;
9596;;потом;ПОТОМ;ADVPRO;;;, вот , _потом_ , там типа;м;о;т;о;п;;ADV;ПОТОМ;ADV -;М
9597;;,;,;PUNCT;;;;;;;;;;PUNCT;;;
9598;;там;ТАМ;ADVPRO;;;, потом , _там_ типа нужно каждые;м;а;т;;;;ADV;ТАМ;ADV -;М
9599;;типа;ТИПА;PART;;;потом , там _типа_ нужно каждые …;а;п;и;т;;;PART;ТИПА;PART;А
9600;;нужно;НУЖНО;PRAEDIC;;;, там типа _нужно_ каждые … ну;о;н;ж;у;н;;PRAEDIC;НУЖНО;ADV -;О
9601;;каждые;КАЖДЫЙ;APRO - acc pl plen - inan;;;там типа нужно _каждые_ … ну ,;е;ы;д;ж;а;к;APRO;КАЖДЫЙ;A - acc pl plen - inan;Й
9602;;…;…;PUNCT;;;;;;;;;;PUNCT;;;
9603;;ну;НУ;PART;;;нужно каждые … _ну_ , полторы минуты;у;н;;;;;PART;НУ;PART;У
9604;;,;,;PUNCT;;;;;;;;;;PUNCT;;;
9605;;полторы;ПОЛТОРА;NUM acc f -;;;… ну , _полторы_ минуты говоришь и;ы;р;о;т;л;о;NUM;ПОЛТОРА;NUM acc f -;А
9606;;минуты;МИНУТА;S f inan gen sg;;;ну , полторы _минуты_ говоришь и потом;ы;т;у;н;и;м;S;МИНУТА;S f inan gen sg;А
9607;;говоришь;ГОВОРИТЬ;V ipf praes sg indic - 2p;;;, полторы минуты _говоришь_ и потом меняешься;ь;ш;и;р;о;в;V;ГОВОРИТЬ;V ipf praes sg indic - 2p;Ь
9608;;и;И;CONJ;;;полторы минуты говоришь _и_ потом меняешься ,;и;;;;;;CONJ;И;CONJ;И
9609;;потом;ПОТОМ;ADV;;;минуты говоришь и _потом_ меняешься , ну;м;о;т;о;п;;ADV;ПОТОМ;ADV -;М
9610;;меняешься;МЕНЯТЬСЯ;V ipf praes sg indic - 2p;;;говоришь и потом _меняешься_ , ну ,;я;с;ь;ш;е;я;V;МЕНЯТЬСЯ;V ipf praes sg indic - 2p;Я
9611;;,;,;PUNCT;;;;;;;;;;PUNCT;;;
9612;;ну;НУ;PART;;;потом меняешься , _ну_ , типа ,;у;н;;;;;PART;НУ;PART;У
9613;;,;,;PUNCT;;;;;;;;;;PUNCT;;;
9614;;типа;ТИПА;PART;;;, ну , _типа_ , пересаживаешься к;а;п;и;т;;;PART;ТИПА;PART;А
9615;;,;,;PUNCT;;;;;;;;;;PUNCT;;;
9616;;пересаживаешься;ПЕРЕСАЖИВАТЬСЯ;V ipf praes sg indic - 2p;;;, типа , _пересаживаешься_ к другому человеку;я;с;ь;ш;е;а;V;ПЕРЕСАЖИВАТЬСЯ;V ipf praes sg indic - 2p;Я
9617;;к;К;PR;;;типа , пересаживаешься _к_ другому человеку .;к;;;;;;PR;К;PR;К
9618;;другому;ДРУГОЙ;A - dat sg plen m -;;;, пересаживаешься к _другому_ человеку . ;у;м;о;г;у;р;A;ДРУГОЙ;A - dat sg plen m -;Й
9619;;человеку;ЧЕЛОВЕК;S m anim dat sg;;;пересаживаешься к другому _человеку_ .  ;у;к;е;в;о;л;S;ЧЕЛОВЕК;S m anim dat sg;К
9620;;.;.;PUNCT;;;;;;;;;;PUNCT;;;
9621;;;;;;;;;;;;;;;;;
9622;# sent = 782;;;;;;;;;;;;;;;;
9623;;И;И;CONJ;;;.   _И_ были нормальные люди;и;;;;;;CONJ;И;CONJ;И
9624;;были;БЫТЬ;V ipf praet pl indic - -;;;  И _были_ нормальные люди ,;и;л;ы;б;;;V;БЫТЬ;V ipf praet pl indic - -;Ь
9625;;нормальные;НОРМАЛЬНЫЙ;A - nom pl plen - -;;; И были _нормальные_ люди , были;е;ы;н;ь;л;а;A;НОРМАЛЬНЫЙ;A - nom pl plen - -;Й
9626;;люди;ЧЕЛОВЕК;S m anim nom pl;;;И были нормальные _люди_ , были немножко;и;д;ю;л;;;S;ЧЕЛОВЕК;S m anim nom pl;К
9627;;,;,;PUNCT;;;;;;;;;;PUNCT;;;
9628;;были;БЫТЬ;V ipf praet pl indic - -;;;нормальные люди , _были_ немножко странные ,;и;л;ы;б;;;V;БЫТЬ;V ipf praet pl indic - -;Ь
9629;;немножко;НЕМНОЖКО;ADV -;;;люди , были _немножко_ странные , была;о;к;ж;о;н;м;ADV;НЕМНОЖКО;ADV -;О
9630;;странные;СТРАННЫЙ;A - nom pl plen - -;;;, были немножко _странные_ , была девочка;е;ы;н;н;а;р;A;СТРАННЫЙ;A - nom pl plen - -;Й
9631;;,;,;PUNCT;;;;;;;;;;PUNCT;;;
9632;;была;БЫТЬ;V ipf praet sg indic f -;;;немножко странные , _была_ девочка , которая;а;л;ы;б;;;V;БЫТЬ;V ipf praet sg indic f -;Ь
9633;;девочка;ДЕВОЧКА;S f anim nom sg;;;странные , была _девочка_ , которая …;а;к;ч;о;в;е;S;ДЕВОЧКА;S f anim nom sg;А
9634;;,;,;PUNCT;;;;;;;;;;PUNCT;;;
9635;;которая;КОТОРЫЙ;APRO - nom sg plen f -;;;была девочка , _которая_ … аа Я;я;а;р;о;т;о;APRO;КОТОРЫЙ;A - nom sg plen f -;Й
9636;;…;…;PUNCT;;;;;;;;;;PUNCT;;;
9637;;аа;А;INTJ;;;, которая … _аа_ Я могу мат;а;а;;;;;INTJ;АА;NONLEX;А
9638;;Я;Я;SPRO sg 1p - nom;;;которая … аа _Я_ могу мат говорить;я;;;;;;SPRO;Я;SPRO sg 1p - nom;Я
9639;;могу;МОЧЬ;V ipf praes sg indic - 1p;;;… аа Я _могу_ мат говорить ?;у;г;о;м;;;V;МОЧЬ;V ipf praes sg indic - 1p;Ь
9640;;мат;МАТ;S m inan acc sg;;;аа Я могу _мат_ говорить ? ;т;а;м;;;;S;МАТ;S m inan nom sg;Т
9641;;говорить;ГОВОРИТЬ;V ipf - - inf - -;;;Я могу мат _говорить_ ?  ;ь;т;и;р;о;в;V;ГОВОРИТЬ;V ipf - - inf - -;Ь
9642;;?;?;PUNCT;;;;;;;;;;PUNCT;;;
9643;;;;;;;;;;;;;;;;;
9644;# sent = 783;;;;;;;;;;;;;;;;
9645;# speaker = Саша;;;;;;;;;;;;;;;;
9646;# sent = 784;;;;;;;;;;;;;;;;
9647;;Ну;НУ;PART;;;   _Ну_ , да ...;у;н;;;;;PART;НУ;PART;У
9648;;,;,;PUNCT;;;;;;;;;;PUNCT;;;
9649;;да;ДА;PART;;; Ну , _да_ ...  ;а;д;;;;;PART;ДА;PART;А
9650;;...;...;PUNCT;;;;;;;;;;PUNCT;;;
9651;;;;;;;;;;;;;;;;;
9652;# sent = 785;;;;;;;;;;;;;;;;
9653;# speaker = Катя;;;;;;;;;;;;;;;;
9654;# sent = 786;;;;;;;;;;;;;;;;
9655;;Ээ;ЭЭ;INTJ;;;   _Ээ_ ну , короче;э;э;;;;;NONLEX;ЭЭ;NONLEX;Э
9656;;ну;НУ;PART;;;  Ээ _ну_ , короче была;у;н;;;;;PART;НУ;PART;У
9657;;,;,;PUNCT;;;;;;;;;;PUNCT;;;
9658;;короче;КОРОЧЕ;PARENTH;;;Ээ ну , _короче_ была девочка очень;е;ч;о;р;о;к;ADV;КОРОЧЕ;ADV comp;Е
9659;;была;БЫТЬ;V ipf praet sg indic f -;;;ну , короче _была_ девочка очень странная;а;л;ы;б;;;V;БЫТЬ;V ipf praet sg indic f -;Ь
9660;;девочка;ДЕВОЧКА;S f anim nom sg;;;, короче была _девочка_ очень странная ,;а;к;ч;о;в;е;S;ДЕВОЧКА;S f anim nom sg;А
9661;;очень;ОЧЕНЬ;ADV -;;;короче была девочка _очень_ странная , которая;ь;н;е;ч;о;;ADV;ОЧЕНЬ;ADV -;Ь
9662;;странная;СТРАННЫЙ;A - nom sg plen f -;;;была девочка очень _странная_ , которая …;я;а;н;н;а;р;A;СТРАННЫЙ;A - nom sg plen f -;Й
9663;;,;,;PUNCT;;;;;;;;;;PUNCT;;;
9664;;которая;КОТОРЫЙ;APRO - nom sg plen f -;;;очень странная , _которая_ …  лан;я;а;р;о;т;о;APRO;КОТОРЫЙ;A - nom sg plen f -;Й
9665;;…;…;PUNCT;;;;;;;;;;PUNCT;;;
9666;"<distinct form=""";;;;;;;;;;;;;;;;
9667;<dist>;лан;;;;;;;;;;;;;;;
9668;""">";;;;;;;;;;;;;;;;
9669;;Ладно;ЛАДНО;PART;;; лан  _Ладно_  , я;о;н;д;а;л;;PART;ЛАДНО;PART;О
9670;</distinct>;;;;;;;;;;;;;;;;
9671;;,;,;PUNCT;;;;;;;;;;PUNCT;;;
9672;;я;Я;SPRO sg 1p - nom;;;Ладно  , _я_ не буду матом;я;;;;;;SPRO;Я;SPRO sg 1p - nom;Я
9673;;не;НЕ;PART;;; , я _не_ буду матом говорить;е;н;;;;;PART;НЕ;PART;Е
9674;;буду;БЫТЬ;V ipf fut sg indic - 1p;;;, я не _буду_ матом говорить .;у;д;у;б;;;V;БЫТЬ;V ipf praes sg indic - 1p;Ь
9675;;матом;МАТ;S m inan ins sg;;;я не буду _матом_ говорить . ;м;о;т;а;м;;S;МАТ;S m inan ins sg;Т
9676;;говорить;ГОВОРИТЬ;V ipf - - inf - -;;;не буду матом _говорить_ .  ;ь;т;и;р;о;в;V;ГОВОРИТЬ;V ipf - - inf - -;Ь
9677;;.;.;PUNCT;;;;;;;;;;PUNCT;;;
9678;;;;;;;;;;;;;;;;;
9679;# sent = 787;;;;;;;;;;;;;;;;
9680;;В;В;PR;;;.   _В_ общем , пр;в;;;;;;PR;В;PR;В
9681;;общем;ОБЩИЙ;A - loc sg plen m -;;;  В _общем_ , пр ...;м;е;щ;б;о;;A;ОБЩИЙ;A - loc sg plen m -;Й
9682;;,;,;PUNCT;;;;;;;;;;PUNCT;;;
9683;;пр;ПР;NONLEX;;;В общем , _пр_ ... просто ;р;п;;;;;NONLEX;ПР;NONLEX;Р
9684;;...;...;PUNCT;;;;;;;;;;PUNCT;;;
9685;;просто;ПРОСТО;ADV -;;;, пр ... _просто_  оч ;о;т;с;о;р;п;ADV;ПРОСТО;ADV -;О
9686;"<distinct form=""";;;;;;;;;;;;;;;;
9687;<dist>;оч;;;;;;;;;;;;;;;
9688;""">";;;;;;;;;;;;;;;;
9689;;очень;ОЧЕНЬ;ADV -;;; оч  _очень_  странная девочка;ь;н;е;ч;о;;ADV;ОЧЕНЬ;ADV -;Ь
9690;</distinct>;;;;;;;;;;;;;;;;
9691;;странная;СТРАННЫЙ;A - nom sg plen f -;;; очень  _странная_ девочка . ;я;а;н;н;а;р;A;СТРАННЫЙ;A - nom sg plen f -;Й
9692;;девочка;ДЕВОЧКА;S f anim nom sg;;;очень  странная _девочка_ .  смеется;а;к;ч;о;в;е;S;ДЕВОЧКА;S f anim nom sg;А
9693;;.;.;PUNCT;;;;;;;;;;PUNCT;;;
9694;"<span class=""note"">";;;;;;;;;;;;;;;;
9695;<note>;смеется;;;;;;;;;;;;;;;
9696;</span>;;;;;;;;;;;;;;;;
9697;;;;;;;;;;;;;;;;;
9698;# sent = 788;;;;;;;;;;;;;;;;
9699;# speaker = Катя;;;;;;;;;;;;;;;;
9700;# sent = 789;;;;;;;;;;;;;;;;
9701;;Ээ;ЭЭ;INTJ;;;   _Ээ_ потом был один;э;э;;;;;NONLEX;ЭЭ;NONLEX;Э
9702;;потом;ПОТОМ;ADVPRO;;;  Ээ _потом_ был один пацан;м;о;т;о;п;;ADV;ПОТОМ;ADV -;М
9703;;был;БЫТЬ;V ipf praet sg indic m -;;; Ээ потом _был_ один пацан -;л;ы;б;;;;V;БЫТЬ;V ipf praet sg indic m -;Ь
9704;;один;ОДИН;ANUM - nom sg plen m -;;;Ээ потом был _один_ пацан - последний;н;и;д;о;;;ANUM;ОДИН;A - nom sg plen m -;Н
9705;;пацан;ПАЦАН;S m anim nom sg;;;потом был один _пацан_ - последний самый;н;а;ц;а;п;;S;ПАЦАН;S m anim nom sg;Н
9706;;-;-;PUNCT;;;;;;;;;;PUNCT;;;
9707;;последний;ПОСЛЕДНИЙ;A - nom sg plen m -;;;один пацан - _последний_ самый , который;й;и;н;д;е;л;A;ПОСЛЕДНИЙ;A - nom sg plen m -;Й
9708;;самый;САМЫЙ;APRO inan m sg nom;;;пацан - последний _самый_ , который …;й;ы;м;а;с;;A;САМЫЙ;A - nom sg plen m -;Й
9709;;,;,;PUNCT;;;;;;;;;;PUNCT;;;
9710;;который;КОТОРЫЙ;APRO - nom sg plen m -;;;последний самый , _который_ … ээ ну;й;ы;р;о;т;о;APRO;КОТОРЫЙ;A - nom sg plen m -;Й
9711;;…;…;PUNCT;;;;;;;;;;PUNCT;;;
9712;;ээ;ЭЭ;INTJ;;;, который … _ээ_ ну , и;э;э;;;;;NONLEX;ЭЭ;NONLEX;Э
9713;;ну;НУ;PART;;;который … ээ _ну_ , и ;у;н;;;;;PART;НУ;PART;У
9714;;,;,;PUNCT;;;;;;;;;;PUNCT;;;
9715;;и;И;CONJ;;;ээ ну , _и_  начит ;и;;;;;;CONJ;И;CONJ;И
9716;"<distinct form=""";;;;;;;;;;;;;;;;
9717;<dist>;начит;;;;;;;;;;;;;;;
9718;""">";;;;;;;;;;;;;;;;
9719;;значит;ЗНАЧИТ;PARENTH;;; начит  _значит_  , я;т;и;ч;а;н;з;ADV;ЗНАЧИТ;ADV -;Т
9720;</distinct>;;;;;;;;;;;;;;;;
9721;;,;,;PUNCT;;;;;;;;;;PUNCT;;;
9722;;я;Я;SPRO sg 1p - nom;;;значит  , _я_ к нему сажусь;я;;;;;;SPRO;Я;SPRO sg 1p - nom;Я
9723;;к;К;PR;;; , я _к_ нему сажусь ,;к;;;;;;PR;К;PR;К
9724;;нему;ОН;SPRO sg 3p m dat;;;, я к _нему_ сажусь , он;у;м;е;н;;;SPRO;ОН;SPRO sg 3p m dat;Н
9725;;сажусь;САДИТЬСЯ;V ipf praes sg indic - 1p;;;я к нему _сажусь_ , он ;ь;с;у;ж;а;с;V;САДИТЬСЯ;V ipf praes sg indic - 1p;Я
9726;;,;,;PUNCT;;;;;;;;;;PUNCT;;;
9727;;он;ОН;SPRO sg 3p m nom;;;нему сажусь , _он_  гаит ;н;о;;;;;SPRO;ОН;SPRO sg 3p m nom;Н
9728;"<distinct form=""";;;;;;;;;;;;;;;;
9729;<dist>;гаит;;;;;;;;;;;;;;;
9730;""">";;;;;;;;;;;;;;;;
9731;;говорит;ГОВОРИТЬ;V ipf praes sg indic - 3p;;; гаит  _говорит_  : «;т;и;р;о;в;о;V;ГОВОРИТЬ;V ipf praes sg indic - 3p;Ь
9732;</distinct>;;;;;;;;;;;;;;;;
9733;;:;:;PUNCT;;;;;;;;;;PUNCT;;;
9734;;«;«;PUNCT;;;;;;;;;;PUNCT;;;
9735;;Как;КАК;ADVPRO;;; : « _Как_ тебя зовут ?;к;а;к;;;;ADV;КАК;ADV -;К
9736;;тебя;ТЫ;SPRO sg 2p - acc;;;: « Как _тебя_ зовут ? »;я;б;е;т;;;SPRO;ТЫ;SPRO sg 2p - acc;Ы
9737;;зовут;ЗВАТЬ;V ipf praes pl indic - 3p;;;« Как тебя _зовут_ ? » .;т;у;в;о;з;;V;ЗВАТЬ;V ipf praes pl indic - 3p;Ь
9738;;?;?;PUNCT;;;;;;;;;;PUNCT;;;
9739;;»;»;PUNCT;;;;;;;;;;PUNCT;;;
9740;;.;.;PUNCT;;;;;;;;;;PUNCT;;;
9741;;;;;;;;;;;;;;;;;
9742;# sent = 790;;;;;;;;;;;;;;;;
9743;;Я;Я;SPRO sg 1p - nom;;;.   _Я_ говорю : «;я;;;;;;SPRO;Я;SPRO sg 1p - nom;Я
9744;;говорю;ГОВОРИТЬ;V ipf praes sg indic - 1p;;;  Я _говорю_ : « Меня;ю;р;о;в;о;г;V;ГОВОРИТЬ;V ipf praes sg indic - 1p;Ь
9745;;:;:;PUNCT;;;;;;;;;;PUNCT;;;
9746;;«;«;PUNCT;;;;;;;;;;PUNCT;;;
9747;;Меня;Я;SPRO sg 1p - acc;;;говорю : « _Меня_ зовут Катя »;я;н;е;м;;;SPRO;Я;SPRO sg 1p - acc;Я
9748;;зовут;ЗВАТЬ;V ipf praes pl indic - 3p;;;: « Меня _зовут_ Катя » ээ;т;у;в;о;з;;V;ЗВАТЬ;V ipf praes pl indic - 3p;Ь
9749;;Катя;КАТЯ;S persn f anim nom sg;;;« Меня зовут _Катя_ » ээ он;я;т;а;к;;;S;КАТЯ;S f anim nom sg;Я
9750;;»;»;PUNCT;;;;;;;;;;PUNCT;;;
9751;;ээ;ЭЭ;INTJ;;;зовут Катя » _ээ_ он  гаит;э;э;;;;;NONLEX;ЭЭ;NONLEX;Э
9752;;он;ОН;SPRO sg 3p m nom;;;Катя » ээ _он_  гаит ;н;о;;;;;SPRO;ОН;SPRO sg 3p m nom;Н
9753;"<distinct form=""";;;;;;;;;;;;;;;;
9754;<dist>;гаит;;;;;;;;;;;;;;;
9755;""">";;;;;;;;;;;;;;;;
9756;;говорит;ГОВОРИТЬ;V ipf praes sg indic - 3p;;; гаит  _говорит_  : «;т;и;р;о;в;о;V;ГОВОРИТЬ;V ipf praes sg indic - 3p;Ь
9757;</distinct>;;;;;;;;;;;;;;;;
9758;;:;:;PUNCT;;;;;;;;;;PUNCT;;;
9759;;«;«;PUNCT;;;;;;;;;;PUNCT;;;
9760;;Кто;КТО;SPRO m - nom sg;;; : « _Кто_ ты по знаку;о;т;к;;;;S;КТО;S m - nom sg;О
9761;;ты;ТЫ;SPRO sg 2p - nom;;;: « Кто _ты_ по знаку зодиака;ы;т;;;;;SPRO;ТЫ;SPRO sg 2p - nom;Ы
9762;;по;ПО;PR;;;« Кто ты _по_ знаку зодиака ?;о;п;;;;;PR;ПО;PR;О
9763;;знаку;ЗНАК;S m inan dat sg;;;Кто ты по _знаку_ зодиака ? »;у;к;а;н;з;;S;ЗНАК;S m inan dat sg;К
9764;;зодиака;ЗОДИАК;S m inan gen sg;;;ты по знаку _зодиака_ ? » ;а;к;а;и;д;о;S;ЗОДИАК;S m inan gen sg;К
9765;;?;?;PUNCT;;;;;;;;;;PUNCT;;;
9766;;»;»;PUNCT;;;;;;;;;;PUNCT;;;
9767;;;;;;;;;;;;;;;;;
9768;# sent = 791;;;;;;;;;;;;;;;;
9769;;Я;Я;SPRO sg 1p - nom;;;»   _Я_ говорю : «;я;;;;;;SPRO;Я;SPRO sg 1p - nom;Я
9770;;говорю;ГОВОРИТЬ;V ipf praes sg indic - 1p;;;  Я _говорю_ : « Скорпион;ю;р;о;в;о;г;V;ГОВОРИТЬ;V ipf praes sg indic - 1p;Ь
9771;;:;:;PUNCT;;;;;;;;;;PUNCT;;;
9772;;«;«;PUNCT;;;;;;;;;;PUNCT;;;
9773;;Скорпион;СКОРПИОН;S m anim nom sg;;;говорю : « _Скорпион_ » , Он;н;о;и;п;р;о;S;СКОРПИОН;S m anim nom sg;Н
9774;;»;»;PUNCT;;;;;;;;;;PUNCT;;;
9775;;,;,;PUNCT;;;;;;;;;;PUNCT;;;
9776;;Он;ОН;SPRO sg 3p m nom;;;Скорпион » , _Он_  гаит ;н;о;;;;;SPRO;ОН;SPRO sg 3p m nom;Н
9777;"<distinct form=""";;;;;;;;;;;;;;;;
9778;<dist>;гаит;;;;;;;;;;;;;;;
9779;""">";;;;;;;;;;;;;;;;
9780;;говорит;ГОВОРИТЬ;V ipf praes sg indic - 3p;;; гаит  _говорит_  : «;т;и;р;о;в;о;V;ГОВОРИТЬ;V ipf praes sg indic - 3p;Ь
9781;</distinct>;;;;;;;;;;;;;;;;
9782;;:;:;PUNCT;;;;;;;;;;PUNCT;;;
9783;;«;«;PUNCT;;;;;;;;;;PUNCT;;;
9784;;Слушай;СЛУШАТЬ;V ipf - sg imper - 2p;;; : « _Слушай_ , я стрелец;й;а;ш;у;л;с;V;СЛУШАТЬ;V ipf - sg imper - 2p;Ь
9785;;,;,;PUNCT;;;;;;;;;;PUNCT;;;
9786;;я;Я;SPRO sg 1p - nom;;;« Слушай , _я_ стрелец . ;я;;;;;;SPRO;Я;SPRO sg 1p - nom;Я
9787;;стрелец;СТРЕЛЕЦ;S m anim nom sg;;;Слушай , я _стрелец_ .  сс;ц;е;л;е;р;т;S;СТРЕЛЕЦ;S m anim nom sg;Ц
9788;;.;.;PUNCT;;;;;;;;;;PUNCT;;;
9789;<noindex>[нрзб]</noindex>;;;;;;;;;;;;;;;;
9790;;сс;СС;NONLEX;;;стрелец .  _сс_ Ой , прости;с;с;;;;;NONLEX;СС;NONLEX;С
9791;;Ой;ОЙ;INTJ;;;.  сс _Ой_ , прости .;й;о;;;;;INTJ;ОЙ;INTJ;Й
9792;;,;,;PUNCT;;;;;;;;;;PUNCT;;;
9793;;прости;ПРОСТИТЬ;V pf - sg imper - 2p;;;сс Ой , _прости_ . » ;и;т;с;о;р;п;V;ПРОСТИТЬ;V pf - sg imper - 2p;Ь
9794;;.;.;PUNCT;;;;;;;;;;PUNCT;;;
9795;;»;»;PUNCT;;;;;;;;;;PUNCT;;;
9796;;;;;;;;;;;;;;;;;
9797;# sent = 792;;;;;;;;;;;;;;;;
9798;;Я;Я;SPRO sg 1p - nom;;;»   _Я_ говорю : «;я;;;;;;SPRO;Я;SPRO sg 1p - nom;Я
9799;;говорю;ГОВОРИТЬ;V ipf praes sg indic - 1p;;;  Я _говорю_ : « Чтоо;ю;р;о;в;о;г;V;ГОВОРИТЬ;V ipf praes sg indic - 1p;Ь
9800;;:;:;PUNCT;;;;;;;;;;PUNCT;;;
9801;;«;«;PUNCT;;;;;;;;;;PUNCT;;;
9802;;Чтоо;ЧТО;PART;distort;;говорю : « _Чтоо_ , нельзя нам;о;о;т;ч;;;PART;ЧТОО;S n - nonflex -;О
9803;;,;,;PUNCT;;;;;;;;;;PUNCT;;;
9804;;нельзя;НЕЛЬЗЯ;PRAEDIC;;;« Чтоо , _нельзя_ нам общаться ?;я;з;ь;л;е;н;PRAEDIC;НЕЛЬЗЯ;ADV -;Я
9805;;нам;МЫ;SPRO pl 1p - dat;;;Чтоо , нельзя _нам_ общаться ? »;м;а;н;;;;SPRO;МЫ;SPRO pl 1p - dat;Ы
9806;;общаться;ОБЩАТЬСЯ;V ipf - - inf - -;;;, нельзя нам _общаться_ ? » ;я;с;ь;т;а;щ;V;ОБЩАТЬСЯ;V ipf - - inf - -;Я
9807;;?;?;PUNCT;;;;;;;;;;PUNCT;;;
9808;;»;»;PUNCT;;;;;;;;;;PUNCT;;;
9809;;;;;;;;;;;;;;;;;
9810;# sent = 793;;;;;;;;;;;;;;;;
9811;;Он;ОН;SPRO sg 3p m nom;;;»   _Он_  гаит ;н;о;;;;;SPRO;ОН;SPRO sg 3p m nom;Н
9812;"<distinct form=""";;;;;;;;;;;;;;;;
9813;<dist>;гаит;;;;;;;;;;;;;;;
9814;""">";;;;;;;;;;;;;;;;
9815;;говорит;ГОВОРИТЬ;V ipf praes sg indic - 3p;;; гаит  _говорит_  : «;т;и;р;о;в;о;V;ГОВОРИТЬ;V ipf praes sg indic - 3p;Ь
9816;</distinct>;;;;;;;;;;;;;;;;
9817;;:;:;PUNCT;;;;;;;;;;PUNCT;;;
9818;;«;«;PUNCT;;;;;;;;;;PUNCT;;;
9819;;Ну;НУ;PART;;; : « _Ну_ , просто я;у;н;;;;;PART;НУ;PART;У
9820;;,;,;PUNCT;;;;;;;;;;PUNCT;;;
9821;;просто;ПРОСТО;PART;;;« Ну , _просто_ я шарю в;о;т;с;о;р;п;PART;ПРОСТО;PART;О
9822;;я;Я;SPRO sg 1p - nom;;;Ну , просто _я_ шарю в астрологии;я;;;;;;SPRO;Я;SPRO sg 1p - nom;Я
9823;;шарю;ШАРИТЬ;V ipf praes sg indic - 1p;;;, просто я _шарю_ в астрологии ,;ю;р;а;ш;;;V;ШАРИТЬ;V ipf praes sg indic - 1p;Ь
9824;;в;В;PR;;;просто я шарю _в_ астрологии , и;в;;;;;;PR;В;PR;В
9825;;астрологии;АСТРОЛОГИЯ;S f inan loc sg;;;я шарю в _астрологии_ , и скорпионы;и;и;г;о;л;о;S;АСТРОЛОГИЯ;S f inan dat sg;Я
9826;;,;,;PUNCT;;;;;;;;;;PUNCT;;;
9827;;и;И;CONJ;;;в астрологии , _и_ скорпионы со стрельцами;и;;;;;;CONJ;И;CONJ;И
9828;;скорпионы;СКОРПИОН;S m anim nom pl;;;астрологии , и _скорпионы_ со стрельцами ;ы;н;о;и;п;р;S;СКОРПИОН;S m anim nom pl;Н
9829;;со;СО;PR;;;, и скорпионы _со_ стрельцами  вапщее;о;с;;;;;PR;СО;PR;О
9830;;стрельцами;СТРЕЛЕЦ;S m anim ins pl;;;и скорпионы со _стрельцами_  вапщее ;и;м;а;ц;ь;л;S;СТРЕЛЕЦ;S f inan acc sg;Ц
9831;"<distinct form=""";;;;;;;;;;;;;;;;
9832;<dist>;вапщее;;;;;;;;;;;;;;;
9833;""">";;;;;;;;;;;;;;;;
9834;;вообще;ВООБЩЕ;PARENTH;;; вапщее  _вообще_  никак не;е;щ;б;о;о;в;ADV;ВООБЩЕ;ADV -;Е
9835;</distinct>;;;;;;;;;;;;;;;;
9836;;никак;НИКАК;ADVPRO;;; вообще  _никак_ не могут связаться;к;а;к;и;н;;ADV;НИКАК;ADV -;К
9837;;не;НЕ;PART;;;вообще  никак _не_ могут связаться ,;е;н;;;;;PART;НЕ;PART;Е
9838;;могут;МОЧЬ;V ipf praes pl indic - 3p;;; никак не _могут_ связаться , п;т;у;г;о;м;;V;МОЧЬ;V ipf praes pl indic - 3p;Ь
9839;;связаться;СВЯЗАТЬСЯ;V pf - - inf - -;;;никак не могут _связаться_ , п …;я;с;ь;т;а;з;V;СВЯЗАТЬСЯ;V pf - - inf - -;Я
9840;;,;,;PUNCT;;;;;;;;;;PUNCT;;;
9841;;п;П;NONLEX;;;могут связаться , _п_ … понимаешь ,;п;;;;;;NONLEX;П;S m inan nonflex -;П
9842;;…;…;PUNCT;;;;;;;;;;PUNCT;;;
9843;;понимаешь;ПОНИМАТЬ;V ipf praes sg indic - 2p;;;, п … _понимаешь_ , прости …;ь;ш;е;а;м;и;V;ПОНИМАТЬ;V ipf praes sg indic - 2p;Ь
9844;;,;,;PUNCT;;;;;;;;;;PUNCT;;;
9845;;прости;ПРОСТИТЬ;V pf - sg imper - 2p;;;… понимаешь , _прости_ … » ;и;т;с;о;р;п;V;ПРОСТИТЬ;V pf - sg imper - 2p;Ь
9846;;…;…;PUNCT;;;;;;;;;;PUNCT;;;
9847;;»;»;PUNCT;;;;;;;;;;PUNCT;;;
9848;;;;;;;;;;;;;;;;;
9849;# sent = 794;;;;;;;;;;;;;;;;
9850;;Я;Я;SPRO sg 1p - nom;;;»   _Я_ говорю : «;я;;;;;;SPRO;Я;SPRO sg 1p - nom;Я
9851;;говорю;ГОВОРИТЬ;V ipf praes sg indic - 1p;;;  Я _говорю_ : « Дааа;ю;р;о;в;о;г;V;ГОВОРИТЬ;V ipf praes sg indic - 1p;Ь
9852;;:;:;PUNCT;;;;;;;;;;PUNCT;;;
9853;;«;«;PUNCT;;;;;;;;;;PUNCT;;;
9854;;Дааа;ДА;PART;;;говорю : « _Дааа_ ээ  ниче;а;а;а;д;;;PART;ДААА;S m inan nonflex -;А
9855;;ээ;Э;INTJ;;;: « Дааа _ээ_  ниче ;э;э;;;;;NONLEX;ЭЭ;NONLEX;Э
9856;"<distinct form=""";;;;;;;;;;;;;;;;
9857;<dist>;ниче;;;;;;;;;;;;;;;
9858;""">";;;;;;;;;;;;;;;;
9859;;ничего;НИЧТО;SPRO n inan gen sg;;; ниче  _ничего_  страшного .;о;г;е;ч;и;н;SPRO;НИЧТО;S n - gen sg;О
9860;</distinct>;;;;;;;;;;;;;;;;
9861;;страшного;СТРАШНЫЙ;A - gen sg plen n -;;; ничего  _страшного_ .  ;о;г;о;н;ш;а;A;СТРАШНЫЙ;A - gen sg plen n -;Й
9862;;.;.;PUNCT;;;;;;;;;;PUNCT;;;
9863;;;;;;;;;;;;;;;;;
9864;# sent = 795;;;;;;;;;;;;;;;;
9865;;Ну;НУ;PART;;;.   _Ну_ , типа ...;у;н;;;;;PART;НУ;PART;У
9866;;,;,;PUNCT;;;;;;;;;;PUNCT;;;
9867;;типа;ТИПА;PART;;; Ну , _типа_ ... а ты;а;п;и;т;;;PART;ТИПА;PART;А
9868;;...;...;PUNCT;;;;;;;;;;PUNCT;;;
9869;;а;А;CONJ;;;, типа ... _а_ ты где учишься;а;;;;;;CONJ;А;CONJ;А
9870;;ты;ТЫ;SPRO sg 2p - nom;;;типа ... а _ты_ где учишься ?;ы;т;;;;;SPRO;ТЫ;SPRO sg 2p - nom;Ы
9871;;где;ГДЕ;ADVPRO;;;... а ты _где_ учишься ? ;е;д;г;;;;ADV;ГДЕ;ADV -;Е
9872;;учишься;УЧИТЬСЯ;V ipf praes sg indic - 2p;;;а ты где _учишься_ ?  ;я;с;ь;ш;и;ч;V;УЧИТЬСЯ;V ipf praes sg indic - 2p;Я
9873;;?;?;PUNCT;;;;;;;;;;PUNCT;;;
9874;;;;;;;;;;;;;;;;;
9875;# sent = 796;;;;;;;;;;;;;;;;
9876;;На;НА;PR;;;?   _На_ каком факультете ?;а;н;;;;;PR;НА;PR;А
9877;;каком;КАКОЙ;APRO - loc sg plen m -;;;  На _каком_ факультете ? »;м;о;к;а;к;;APRO;КАКОЙ;A - loc sg plen m -;Й
9878;;факультете;ФАКУЛЬТЕТ;S m inan loc sg;;; На каком _факультете_ ? » ;е;т;е;т;ь;л;S;ФАКУЛЬТЕТ;S m inan loc sg;Т
9879;;?;?;PUNCT;;;;;;;;;;PUNCT;;;
9880;;»;»;PUNCT;;;;;;;;;;PUNCT;;;
9881;;;;;;;;;;;;;;;;;
9882;# sent = 797;;;;;;;;;;;;;;;;
9883;;Он;ОН;SPRO sg 3p m nom;;;»   _Он_ говорит : «;н;о;;;;;SPRO;ОН;SPRO sg 3p m nom;Н
9884;;говорит;ГОВОРИТЬ;V ipf praes sg indic - 3p;;;  Он _говорит_ : « ;т;и;р;о;в;о;V;ГОВОРИТЬ;V ipf praes sg indic - 3p;Ь
9885;;:;:;PUNCT;;;;;;;;;;PUNCT;;;
9886;;«;«;PUNCT;;;;;;;;;;PUNCT;;;
9887;"<distinct form=""";;;;;;;;;;;;;;;;
9888;<dist>;вапще;;;;;;;;;;;;;;;
9889;""">";;;;;;;;;;;;;;;;
9890;;Вообще;ВООБЩЕ;PARENTH;;; вапще  _Вообще_  , я;е;щ;б;о;о;в;ADV;ВООБЩЕ;ADV -;Е
9891;</distinct>;;;;;;;;;;;;;;;;
9892;;,;,;PUNCT;;;;;;;;;;PUNCT;;;
9893;;я;Я;SPRO sg 1p - nom;;;Вообще  , _я_ не из Вышки;я;;;;;;SPRO;Я;SPRO sg 1p - nom;Я
9894;;не;НЕ;PART;;; , я _не_ из Вышки ,;е;н;;;;;PART;НЕ;PART;Е
9895;;из;ИЗ;PR;;;, я не _из_ Вышки , я;з;и;;;;;PR;ИЗ;PR;З
9896;;Вышки;ВЫШКА;S persn f inan gen sg;;;я не из _Вышки_ , я из;и;к;ш;ы;в;;S;ВЫШКА;S f inan acc sg;А
9897;;,;,;PUNCT;;;;;;;;;;PUNCT;;;
9898;;я;Я;SPRO sg 1p - nom;;;из Вышки , _я_ из  рудээн;я;;;;;;SPRO;Я;SPRO sg 1p - nom;Я
9899;;из;ИЗ;PR;;;Вышки , я _из_  рудээн ;з;и;;;;;PR;ИЗ;PR;З
9900;"<distinct form=""";;;;;;;;;;;;;;;;
9901;<dist>;рудээн;;;;;;;;;;;;;;;
9902;""">";;;;;;;;;;;;;;;;
9903;;РУДН;РУДН;S m inan gen sg;;; рудээн  _РУДН_  , с;н;д;у;р;;;S;РУДН;S f inan nom sg;Н
9904;</distinct>;;;;;;;;;;;;;;;;
9905;;,;,;PUNCT;;;;;;;;;;PUNCT;;;
9906;;с;С;PR;;;РУДН  , _с_ истории искусств …;с;;;;;;PR;С;PR;С
9907;;истории;ИСТОРИЯ;S f inan gen sg;;; , с _истории_ искусств … ;и;и;р;о;т;с;S;ИСТОРИЯ;S f inan loc sg;Я
9908;;искусств;ИСКУССТВО;S n inan gen pl;;;, с истории _искусств_ …  ;в;т;с;с;у;к;S;ИСКУССТВО;S n inan gen pl;О
9909;;…;…;PUNCT;;;;;;;;;;PUNCT;;;
9910;;;;;;;;;;;;;;;;;
9911;# sent = 798;;;;;;;;;;;;;;;;
9912;;Ааа;А;INTJ;;;…   _Ааа_ хочешь , я;а;а;а;;;;INTJ;ААА;S m inan nonflex -;А
9913;;хочешь;ХОТЕТЬ;V ipf praes sg indic - 2p;;;  Ааа _хочешь_ , я могу;ь;ш;е;ч;о;х;V;ХОТЕТЬ;V ipf praes sg indic - 2p;Ь
9914;;,;,;PUNCT;;;;;;;;;;PUNCT;;;
9915;;я;Я;SPRO sg 1p - nom;;;Ааа хочешь , _я_ могу тебе предсказать;я;;;;;;SPRO;Я;SPRO sg 1p - nom;Я
9916;;могу;МОЧЬ;V ipf praes sg indic - 1p;;;хочешь , я _могу_ тебе предсказать твою;у;г;о;м;;;V;МОЧЬ;V ipf praes sg indic - 1p;Ь
9917;;тебе;ТЫ;SPRO sg 2p - dat;;;, я могу _тебе_ предсказать твою судьбу;е;б;е;т;;;SPRO;ТЫ;SPRO sg 2p - dat;Ы
9918;;предсказать;ПРЕДСКАЗАТЬ;V pf - - inf - -;;;я могу тебе _предсказать_ твою судьбу ?;ь;т;а;з;а;к;V;ПРЕДСКАЗАТЬ;V pf - - inf - -;Ь
9919;;твою;ТВОЙ;APRO - acc sg plen f -;;;могу тебе предсказать _твою_ судьбу ? »;ю;о;в;т;;;APRO;ТВОЙ;A - acc sg plen f -;Й
9920;;судьбу;СУДЬБА;S f inan acc sg;;;тебе предсказать твою _судьбу_ ? » ;у;б;ь;д;у;с;S;СУДЬБА;S f inan acc sg;А
9921;;?;?;PUNCT;;;;;;;;;;PUNCT;;;
9922;;»;»;PUNCT;;;;;;;;;;PUNCT;;;
9923;;;;;;;;;;;;;;;;;
9924;# sent = 799;;;;;;;;;;;;;;;;
9925;# speaker = Катя;;;;;;;;;;;;;;;;
9926;# sent = 800;;;;;;;;;;;;;;;;
9927;;Начал;НАЧАТЬ;V pf praet sg indic m 3p;;;   _Начал_ что-то мне ;л;а;ч;а;н;;S;НАЧАЛО;S n inan gen pl;Ь
9928;;что-то;ЧТО-ТО;SPRO n inan acc sg;;;  Начал _что-то_ мне  гааить;о;т;-;о;т;ч;SPRO;ЧТО-ТО;S n - acc sg;О
9929;;мне;Я;SPRO sg 1p - dat;;; Начал что-то _мне_  гааить ;е;н;м;;;;SPRO;Я;SPRO sg 1p - dat;Я
9930;"<distinct form=""";;;;;;;;;;;;;;;;
9931;<dist>;гааить;;;;;;;;;;;;;;;
9932;""">";;;;;;;;;;;;;;;;
9933;;говорить;ГОВОРИТЬ;V ipf - - inf - -;;; гааить  _говорить_  про мою;ь;т;и;р;о;в;V;ГОВОРИТЬ;V ipf - - inf - -;Ь
9934;</distinct>;;;;;;;;;;;;;;;;
9935;;про;ПРО;PR;;; говорить  _про_ мою судьбу ,;о;р;п;;;;PR;ПРО;PR;О
9936;;мою;МОЙ;APRO - acc sg plen f -;;;говорить  про _мою_ судьбу , потом;ю;о;м;;;;APRO;МОЙ;A - acc sg plen f -;Й
9937;;судьбу;СУДЬБА;S f inan acc sg;;; про мою _судьбу_ , потом мы;у;б;ь;д;у;с;S;СУДЬБА;S f inan acc sg;А
9938;;,;,;PUNCT;;;;;;;;;;PUNCT;;;
9939;;потом;ПОТОМ;ADVPRO;;;мою судьбу , _потом_ мы переключились на;м;о;т;о;п;;ADV;ПОТОМ;ADV -;М
9940;;мы;МЫ;SPRO pl 1p - nom;;;судьбу , потом _мы_ переключились на другую;ы;м;;;;;SPRO;МЫ;SPRO pl 1p - nom;Ы
9941;;переключились;ПЕРЕКЛЮЧИТЬСЯ;V pf praet pl indic - -;;;, потом мы _переключились_ на другую тему;ь;с;и;л;и;ч;V;ПЕРЕКЛЮЧИТЬСЯ;V pf praet pl indic - -;Я
9942;;на;НА;PR;;;потом мы переключились _на_ другую тему ,;а;н;;;;;PR;НА;PR;А
9943;;другую;ДРУГОЙ;A - acc sg plen f -;;;мы переключились на _другую_ тему , он;ю;у;г;у;р;д;A;ДРУГОЙ;A - acc sg plen f -;Й
9944;;тему;ТЕМА;S f inan acc sg;;;переключились на другую _тему_ , он …;у;м;е;т;;;S;ТЕМА;S f inan acc sg;А
9945;;,;,;PUNCT;;;;;;;;;;PUNCT;;;
9946;;он;ОН;SPRO sg 3p m nom;;;другую тему , _он_ …  ;н;о;;;;;SPRO;ОН;SPRO sg 3p m nom;Н
9947;;…;…;PUNCT;;;;;;;;;;PUNCT;;;
9948;;;;;;;;;;;;;;;;;
9949;# sent = 801;;;;;;;;;;;;;;;;
9950;;Рядом;РЯДОМ;ADV -;;;…   _Рядом_ , на ...;м;о;д;я;р;;ADV;РЯДОМ;ADV -;М
9951;;,;,;PUNCT;;;;;;;;;;PUNCT;;;
9952;;на;НА;PR;;; Рядом , _на_ ... за соседним;а;н;;;;;PR;НА;PR;А
9953;;...;...;PUNCT;;;;;;;;;;PUNCT;;;
9954;;за;ЗА;PR;;;, на ... _за_ соседним столиком ,;а;з;;;;;PR;ЗА;PR;А
9955;;соседним;СОСЕДНИЙ;A - ins sg plen m -;;;на ... за _соседним_ столиком , сидела;м;и;н;д;е;с;A;СОСЕДНИЙ;A - ins sg plen m -;Й
9956;;столиком;СТОЛИК;S m inan ins sg;;;... за соседним _столиком_ , сидела моя;м;о;к;и;л;о;S;СТОЛИК;S m inan ins sg;К
9957;;,;,;PUNCT;;;;;;;;;;PUNCT;;;
9958;;сидела;СИДЕТЬ;V ipf praet sg indic f -;;;соседним столиком , _сидела_ моя одногруппница ,;а;л;е;д;и;с;V;СИДЕТЬ;V ipf praet sg indic f -;Ь
9959;;моя;МОЙ;APRO - nom sg plen f -;;;столиком , сидела _моя_ одногруппница , и;я;о;м;;;;APRO;МОЙ;A - nom sg plen f -;Й
9960;;одногруппница;ОДНОГРУППНИЦА;S f anim nom sg;;;, сидела моя _одногруппница_ , и он;а;ц;и;н;п;п;S;ОДНОГРУППНИЦА;S f anim nom sg;А
9961;;,;,;PUNCT;;;;;;;;;;PUNCT;;;
9962;;и;И;CONJ;;;моя одногруппница , _и_ он начал уверять;и;;;;;;CONJ;И;CONJ;И
9963;;он;ОН;SPRO sg 3p m nom;;;одногруппница , и _он_ начал уверять меня;н;о;;;;;SPRO;ОН;SPRO sg 3p m nom;Н
9964;;начал;НАЧАТЬ;V pf praet sg indic m 3p;;;, и он _начал_ уверять меня ,;л;а;ч;а;н;;S;НАЧАЛО;S n inan gen pl;Ь
9965;;уверять;УВЕРЯТЬ;V ipf - - inf - -;;;и он начал _уверять_ меня , что;ь;т;я;р;е;в;V;УВЕРЯТЬ;V ipf - - inf - -;Ь
9966;;меня;Я;SPRO sg 1p - acc;;;он начал уверять _меня_ , что она;я;н;е;м;;;SPRO;Я;SPRO sg 1p - acc;Я
9967;;,;,;PUNCT;;;;;;;;;;PUNCT;;;
9968;;что;ЧТО;CONJ;;;уверять меня , _что_ она похожа на;о;т;ч;;;;CONJ;ЧТО;CONJ;О
9969;;она;ОНА;SPRO sg 3p f nom;;;меня , что _она_ похожа на Лив;а;н;о;;;;SPRO;ОНА;SPRO sg 3p f nom;А
9970;;похожа;ПОХОЖИЙ;A - - sg brev f -;;;, что она _похожа_ на Лив Тайлер;а;ж;о;х;о;п;A;ПОХОЖИЙ;A - - sg brev f -;Й
9971;;на;НА;PR;;;что она похожа _на_ Лив Тайлер .;а;н;;;;;PR;НА;PR;А
9972;;Лив;ЛИВ;S persn f anim acc sg;;;она похожа на _Лив_ Тайлер . ;в;и;л;;;;S;ЛИВ;S f anim nonflex -;В
9973;;Тайлер;ТАЙЛЕР;S famn f anim acc sg;;;похожа на Лив _Тайлер_ .  ;р;е;л;й;а;т;S;ТАЙЛЕР;S f anim nom sg;Р
9974;;.;.;PUNCT;;;;;;;;;;PUNCT;;;
9975;;;;;;;;;;;;;;;;;
9976;# sent = 802;;;;;;;;;;;;;;;;
9977;;А;А;INTJ;;;.   _А_ … не важно;а;;;;;;CONJ;А;CONJ;А
9978;;…;…;PUNCT;;;;;;;;;;PUNCT;;;
9979;;не;НЕ;PART;;; А … _не_ важно , в;е;н;;;;;PART;НЕ;PART;Е
9980;;важно;ВАЖНО;PRAEDIC - ;;;А … не _важно_ , в общем;о;н;ж;а;в;;A;ВАЖНЫЙ;A - - sg brev n -;О
9981;;,;,;PUNCT;;;;;;;;;;PUNCT;;;
9982;;в;В;PR;;;не важно , _в_ общем . ;в;;;;;;PR;В;PR;В
9983;;общем;ОБЩИЙ;A - loc sg plen m -;;;важно , в _общем_ .  ;м;е;щ;б;о;;A;ОБЩИЙ;A - loc sg plen m -;Й
9984;;.;.;PUNCT;;;;;;;;;;PUNCT;;;
9985;;;;;;;;;;;;;;;;;
9986;# sent = 803;;;;;;;;;;;;;;;;
9987;;Потом;ПОТОМ;ADV;;;.   _Потом_ , ээ …;м;о;т;о;п;;ADV;ПОТОМ;ADV -;М
9988;;,;,;PUNCT;;;;;;;;;;PUNCT;;;
9989;;ээ;Э;INTJ;;; Потом , _ээ_ … типа ,;э;э;;;;;NONLEX;ЭЭ;NONLEX;Э
9990;;…;…;PUNCT;;;;;;;;;;PUNCT;;;
9991;;типа;ТИПА;PART;;;, ээ … _типа_ , короче ,;а;п;и;т;;;PART;ТИПА;PART;А
9992;;,;,;PUNCT;;;;;;;;;;PUNCT;;;
9993;;короче;КОРОЧЕ;PARENTH;;;… типа , _короче_ , нам сказали;е;ч;о;р;о;к;ADV;КОРОЧЕ;ADV comp;Е
9994;;,;,;PUNCT;;;;;;;;;;PUNCT;;;
9995;;нам;МЫ;SPRO pl 1p - dat;;;, короче , _нам_ сказали , чт;м;а;н;;;;SPRO;МЫ;SPRO pl 1p - dat;Ы
9996;;сказали;СКАЗАТЬ;V pf praet pl indic - -;;;короче , нам _сказали_ , чт ...;и;л;а;з;а;к;V;СКАЗАТЬ;V pf praet pl indic - -;Ь
9997;;,;,;PUNCT;;;;;;;;;;PUNCT;;;
9998;;чт;ЧТО;CONJ;distort;;нам сказали , _чт_ ... эти ...;т;ч;;;;;CONJ;ЧТ;NONLEX;О
9999;;...;...;PUNCT;;;;;;;;;;PUNCT;;;
10000;;эти;ЭТОТ;APRO - nom pl plen - -;;;, чт ... _эти_ ... организаторы ,;и;т;э;;;;APRO;ЭТОТ;A - nom pl plen - -;Т
10001;;...;...;PUNCT;;;;;;;;;;PUNCT;;;
10002;;организаторы;ОРГАНИЗАТОР;S m anim nom pl;;;... эти ... _организаторы_ , что они;ы;р;о;т;а;з;S;ОРГАНИЗАТОР;S m anim nom pl;Р
10003;;,;,;PUNCT;;;;;;;;;;PUNCT;;;
10004;;что;ЧТО;CONJ;;;... организаторы , _что_ они скинут нам;о;т;ч;;;;CONJ;ЧТО;CONJ;О
10005;;они;ОНИ;SPRO pl - - nom;;;организаторы , что _они_ скинут нам контакты;и;н;о;;;;SPRO;ОНИ;SPRO pl - - nom;И
10006;;скинут;СКИНУТЬ;V pf fut pl indic 3p ;;;, что они _скинут_ нам контакты людей;т;у;н;и;к;с;PARTCP;СКИНУТЬ;PARTCP pf praet - sg brev m pass -;Ь
10007;;нам;МЫ;SPRO pl 1p - dat;;;что они скинут _нам_ контакты людей ,;м;а;н;;;;SPRO;МЫ;SPRO pl 1p - dat;Ы
10008;;контакты;КОНТАКТ;S m inan acc pl;;;они скинут нам _контакты_ людей , которые;ы;т;к;а;т;н;S;КОНТАКТ;S m inan nom pl;Т
10009;;людей;ЧЕЛОВЕК;S m anim gen pl;;;скинут нам контакты _людей_ , которые нам;й;е;д;ю;л;;S;ЧЕЛОВЕК;S m anim gen pl;К
10010;;,;,;PUNCT;;;;;;;;;;PUNCT;;;
10011;;которые;КОТОРЫЙ;APRO - nom pl plen - -;;;контакты людей , _которые_ нам понравились на;е;ы;р;о;т;о;APRO;КОТОРЫЙ;A - nom pl plen - -;Й
10012;;нам;МЫ;SPRO pl 1p - dat;;;людей , которые _нам_ понравились на этом;м;а;н;;;;SPRO;МЫ;SPRO pl 1p - dat;Ы
10013;;понравились;ПОНРАВИТЬСЯ;V pf praet pl indic - -;;;, которые нам _понравились_ на этом соулмейтинге;ь;с;и;л;и;в;V;ПОНРАВИТЬСЯ;V pf praet pl indic - -;Я
10014;;на;НА;PR;;;которые нам понравились _на_ этом соулмейтинге ,;а;н;;;;;PR;НА;PR;А
10015;;этом;ЭТОТ;APRO - loc sg plen m -;;;нам понравились на _этом_ соулмейтинге , мы;м;о;т;э;;;APRO;ЭТОТ;A - loc sg plen m -;Т
10016;;соулмейтинге;СОУЛМЕЙТИНГ;S m inan loc sg;new;;понравились на этом _соулмейтинге_ , мы тип;е;г;н;и;т;й;S;СОУЛМЕЙТИНГ;S m inan loc sg;Г
10017;;,;,;PUNCT;;;;;;;;;;PUNCT;;;
10018;;мы;МЫ;SPRO pl 1p - nom;;;этом соулмейтинге , _мы_ тип записывали их;ы;м;;;;;SPRO;МЫ;SPRO pl 1p - nom;Ы
10019;;тип;ТИП;PART;distort;;соулмейтинге , мы _тип_ записывали их номера;п;и;т;;;;S;ТИП;S m anim nom sg;П
10020;;записывали;ЗАПИСЫВАТЬ;V ipf praet pl indic - -;;;, мы тип _записывали_ их номера ,;и;л;а;в;ы;с;V;ЗАПИСЫВАТЬ;V ipf praet pl indic - -;Ь
10021;;их;ОНИ;SPRO pl - - acc;;;мы тип записывали _их_ номера , аа;х;и;;;;;SPRO;ОНИ;SPRO pl - - acc;И
10022;;номера;НОМЕР;S m inan acc sg;;;тип записывали их _номера_ , аа ,;а;р;е;м;о;н;S;НОМЕР;S m inan gen sg;Р
10023;;,;,;PUNCT;;;;;;;;;;PUNCT;;;
10024;;аа;А;INTJ;;;их номера , _аа_ , вот ,;а;а;;;;;INTJ;АА;NONLEX;А
10025;;,;,;PUNCT;;;;;;;;;;PUNCT;;;
10026;;вот;ВОТ;PART;;;, аа , _вот_ , но пока;т;о;в;;;;PART;ВОТ;PART;Т
10027;;,;,;PUNCT;;;;;;;;;;PUNCT;;;
10028;;но;НО;CONJ;;;, вот , _но_ пока не скинули;о;н;;;;;CONJ;НО;CONJ;О
10029;;пока;ПОКА;CONJ;;;вот , но _пока_ не скинули .;а;к;о;п;;;CONJ;ПОКА;CONJ;А
10030;;не;НЕ;PART;;;, но пока _не_ скинули . ;е;н;;;;;PART;НЕ;PART;Е
10031;;скинули;СКИНУТЬ;V pf praet pl indic - -;;;но пока не _скинули_ .  ;и;л;у;н;и;к;V;СКИНУТЬ;V pf praet pl indic - -;Ь
10032;;.;.;PUNCT;;;;;;;;;;PUNCT;;;
10033;;;;;;;;;;;;;;;;;
10034;# sent = 804;;;;;;;;;;;;;;;;
10035;;Пока;ПОКА;CONJ;;;.   _Пока_ я не видела;а;к;о;п;;;CONJ;ПОКА;CONJ;А
10036;;я;Я;SPRO sg 1p - nom;;;  Пока _я_ не видела .;я;;;;;;SPRO;Я;SPRO sg 1p - nom;Я
10037;;не;НЕ;PART;;; Пока я _не_ видела . ;е;н;;;;;PART;НЕ;PART;Е
10038;;видела;ВИДЕТЬ;V ipf praet sg indic f -;;;Пока я не _видела_ .  ;а;л;е;д;и;в;V;ВИДЕТЬ;V ipf praet sg indic f -;Ь
10039;;.;.;PUNCT;;;;;;;;;;PUNCT;;;
10040;;;;;;;;;;;;;;;;;
10041;# sent = 805;;;;;;;;;;;;;;;;
10042;# speaker = Катя;;;;;;;;;;;;;;;;
10043;# sent = 806;;;;;;;;;;;;;;;;
10044;;Потом;ПОТОМ;ADVPRO;;;   _Потом_ мы пошли на;м;о;т;о;п;;ADV;ПОТОМ;ADV -;М
10045;;мы;МЫ;SPRO pl 1p - nom;;;  Потом _мы_ пошли на какой-то;ы;м;;;;;SPRO;МЫ;SPRO pl 1p - nom;Ы
10046;;пошли;ПОЙТИ;V pf praet pl indic - -;;; Потом мы _пошли_ на какой-то баттл;и;л;ш;о;п;;V;ПОЙТИ;V pf praet pl indic - -;И
10047;;на;НА;PR;;;Потом мы пошли _на_ какой-то баттл ,;а;н;;;;;PR;НА;PR;А
10048;;какой-то;КАКОЙ-ТО;APRO - acc sg plen f -;;;мы пошли на _какой-то_ баттл , дэнс;о;т;-;й;о;к;APRO;КАКОЙ-ТО;A - ins sg plen f -;О
10049;;баттл;БАТТЛ;S m inan acc sg;new;;пошли на какой-то _баттл_ , дэнс баттл;л;т;т;а;б;;S;БАТТЛ;S m inan acc sg;Л
10050;;,;,;PUNCT;;;;;;;;;;PUNCT;;;
10051;;дэнс;ДЭНС;S m inan ;new;;какой-то баттл , _дэнс_ баттл , посмотрели;с;н;э;д;;;S;ДЭНС;S m anim nom sg;С
10052;;баттл;БАТТЛ;S m inan acc sg;new;;баттл , дэнс _баттл_ , посмотрели что;л;т;т;а;б;;S;БАТТЛ;S m inan acc sg;Л
10053;;,;,;PUNCT;;;;;;;;;;PUNCT;;;
10054;;посмотрели;ПОСМОТРЕТЬ;V pf praet pl indic - -;;;дэнс баттл , _посмотрели_ что там такое;и;л;е;р;т;о;V;ПОСМОТРЕТЬ;V pf praet pl indic - -;Ь
10055;;что;ЧТО;CONJ;;;баттл , посмотрели _что_ там такое …;о;т;ч;;;;CONJ;ЧТО;CONJ;О
10056;;там;ТАМ;ADVPRO;;;, посмотрели что _там_ такое … Там;м;а;т;;;;ADV;ТАМ;ADV -;М
10057;;такое;ТАКОЙ;APRO - nom sg plen n -;;;посмотрели что там _такое_ … Там девки;е;о;к;а;т;;APRO;ТАКОЙ;A - nom sg plen n -;Й
10058;;…;…;PUNCT;;;;;;;;;;PUNCT;;;
10059;;Там;ТАМ;ADVPRO;;;там такое … _Там_ девки танцевали под;м;а;т;;;;ADV;ТАМ;ADV -;М
10060;;девки;ДЕВКА;S f anim nom pl;;;такое … Там _девки_ танцевали под «;и;к;в;е;д;;S;ДЕВКА;S f anim nom pl;А
10061;;танцевали;ТАНЦЕВАТЬ;V ipf praet pl indic - -;;;… Там девки _танцевали_ под « Розовое;и;л;а;в;е;ц;V;ТАНЦЕВАТЬ;V ipf praet pl indic - -;Ь
10062;;под;ПОД;PR;;;Там девки танцевали _под_ « Розовое вино;д;о;п;;;;PR;ПОД;PR;Д
10063;;«;«;PUNCT;;;;;;;;;;PUNCT;;;
10064;;Розовое;РОЗОВЫЙ;A - acc sg plen n -;;;танцевали под « _Розовое_ вино » .;е;о;в;о;з;о;A;РОЗОВЫЙ;A - nom sg plen n -;Й
10065;;вино;ВИНО;S n inan acc sg;;;под « Розовое _вино_ » . ;о;н;и;в;;;S;ВИНО;S n inan nom sg;О
10066;;»;»;PUNCT;;;;;;;;;;PUNCT;;;
10067;;.;.;PUNCT;;;;;;;;;;PUNCT;;;
10068;;;;;;;;;;;;;;;;;
10069;# sent = 807;;;;;;;;;;;;;;;;
10070;;Аа;А;INTJ;;;.   _Аа_ ну , так;а;а;;;;;INTJ;АА;NONLEX;А
10071;;ну;НУ;PART;;;  Аа _ну_ , так .;у;н;;;;;PART;НУ;PART;У
10072;;,;,;PUNCT;;;;;;;;;;PUNCT;;;
10073;;так;ТАК;PART;;;Аа ну , _так_ .  ;к;а;т;;;;ADV;ТАК;ADV -;К
10074;;.;.;PUNCT;;;;;;;;;;PUNCT;;;
10075;;;;;;;;;;;;;;;;;
10076;# sent = 808;;;;;;;;;;;;;;;;
10077;;Что;ЧТО;SPRO n inan nom sg;;;.   _Что_ еще было ?;о;т;ч;;;;SPRO;ЧТО;S n - nom sg;О
10078;;еще;ЕЩЕ;ADV -;;;  Что _еще_ было ? ;е;щ;е;;;;ADV;ЕЩЕ;ADV -;Е
10079;;было;БЫТЬ;V ipf praet sg indic n -;;; Что еще _было_ ?  ;о;л;ы;б;;;V;БЫТЬ;V ipf praet sg indic n -;Ь
10080;;?;?;PUNCT;;;;;;;;;;PUNCT;;;
10081;;;;;;;;;;;;;;;;;
10082;# sent = 809;;;;;;;;;;;;;;;;
10083;;Что-то;ЧТО-ТО;SPRO n inan nom sg;;;?   _Что-то_ было в конце;о;т;-;о;т;ч;SPRO;ЧТО-ТО;S n - nom sg;О
10084;;было;БЫТЬ;V ipf praet sg indic n -;;;  Что-то _было_ в конце интересное;о;л;ы;б;;;V;БЫТЬ;V ipf praet sg indic n -;Ь
10085;;в;В;PR;;; Что-то было _в_ конце интересное …;в;;;;;;PR;В;PR;В
10086;;конце;КОНЕЦ;S m inan loc sg;;;Что-то было в _конце_ интересное … ;е;ц;н;о;к;;S;КОНЕЦ;S m inan loc sg;Ц
10087;;интересное;ИНТЕРЕСНОЕ;S n inan nom sg;;;было в конце _интересное_ …  ;е;о;н;с;е;р;A;ИНТЕРЕСНЫЙ;A - acc sg plen n inan;Е
10088;;…;…;PUNCT;;;;;;;;;;PUNCT;;;
10089;;;;;;;;;;;;;;;;;
10090;# sent = 810;;;;;;;;;;;;;;;;
10091;;Аа;А;INTJ;;;…   _Аа_ мы дико замерзли;а;а;;;;;INTJ;АА;NONLEX;А
10092;;мы;МЫ;SPRO pl 1p - nom;;;  Аа _мы_ дико замерзли ,;ы;м;;;;;SPRO;МЫ;SPRO pl 1p - nom;Ы
10093;;дико;ДИКО;ADV -;;; Аа мы _дико_ замерзли , зашли;о;к;и;д;;;ADV;ДИКО;ADV -;О
10094;;замерзли;ЗАМЕРЗНУТЬ;V pf praet pl indic - -;;;Аа мы дико _замерзли_ , зашли в;и;л;з;р;е;м;V;ЗАМЕРЗНУТЬ;V pf praet pl indic - -;Ь
10095;;,;,;PUNCT;;;;;;;;;;PUNCT;;;
10096;;зашли;ЗАЙТИ;V pf praet pl indic - -;;;дико замерзли , _зашли_ в ресторан «;и;л;ш;а;з;;V;ЗАЙТИ;V pf praet pl indic - -;И
10097;;в;В;PR;;;замерзли , зашли _в_ ресторан « Тетя;в;;;;;;PR;В;PR;В
10098;;ресторан;РЕСТОРАН;S m inan acc sg;;;, зашли в _ресторан_ « Тетя Мотя;н;а;р;о;т;с;S;РЕСТОРАН;S m inan acc sg;Н
10099;;«;«;PUNCT;;;;;;;;;;PUNCT;;;
10100;;Тетя;ТЕТЯ;S f inan nom sg;;;в ресторан « _Тетя_ Мотя » ,;я;т;е;т;;;S;ТЕТЯ;S f inan nom sg;Я
10101;;Мотя;МОТЯ;S persn f anim nom sg;;;ресторан « Тетя _Мотя_ » , который;я;т;о;м;;;S;МОТЯ;S m anim nom sg;Я
10102;;»;»;PUNCT;;;;;;;;;;PUNCT;;;
10103;;,;,;PUNCT;;;;;;;;;;PUNCT;;;
10104;;который;КОТОРЫЙ;APRO - nom sg plen m -;;;Мотя » , _который_ в Парке Горького;й;ы;р;о;т;о;APRO;КОТОРЫЙ;A - nom sg plen m -;Й
10105;;в;В;PR;;;» , который _в_ Парке Горького находится;в;;;;;;PR;В;PR;В
10106;;Парке;ПАРК;S m inan loc sg;;;, который в _Парке_ Горького находится ,;е;к;р;а;п;;S;ПАРК;S m inan loc sg;К
10107;;Горького;ГОРЬКИЙ;S famn m anim gen sg;;;который в Парке _Горького_ находится , сели;о;г;о;к;ь;р;S;ГОРЬКИЙ;S m anim gen sg;Й
10108;;находится;НАХОДИТЬСЯ;V ipf praes sg indic - 3p;;;в Парке Горького _находится_ , сели в;я;с;т;и;д;о;V;НАХОДИТЬСЯ;V ipf praes sg indic - 3p;Я
10109;;,;,;PUNCT;;;;;;;;;;PUNCT;;;
10110;;сели;СЕСТЬ;V pf praet pl indic - -;;;Горького находится , _сели_ в ... туда;и;л;е;с;;;V;СЕСТЬ;V pf praet pl indic - -;Ь
10111;;в;В;PR;;;находится , сели _в_ ... туда большой;в;;;;;;PR;В;PR;В
10112;;...;...;PUNCT;;;;;;;;;;PUNCT;;;
10113;;туда;ТУДА;ADV -;;;сели в ... _туда_ большой компанией ,;а;д;у;т;;;ADV;ТУДА;ADV -;А
10114;;большой;БОЛЬШОЙ;A - ins sg plen f -;;;в ... туда _большой_ компанией , нам;й;о;ш;ь;л;о;A;БОЛЬШОЙ;A - ins sg plen f -;Й
10115;;компанией;КОМПАНИЯ;S f inan ins sg;;;... туда большой _компанией_ , нам раздали;й;е;и;н;а;п;S;КОМПАНИЯ;S f inan ins sg;Я
10116;;,;,;PUNCT;;;;;;;;;;PUNCT;;;
10117;;нам;МЫ;SPRO pl 1p - dat;;;большой компанией , _нам_ раздали меню ,;м;а;н;;;;SPRO;МЫ;SPRO pl 1p - dat;Ы
10118;;раздали;РАЗДАТЬ;V pf praet pl indic - -;;;компанией , нам _раздали_ меню , все;и;л;а;д;з;а;V;РАЗДАТЬ;V pf praet pl indic - -;Ь
10119;;меню;МЕНЮ;S n inan acc pl;;;, нам раздали _меню_ , все ...;ю;н;е;м;;;S;МЕНЮ;S n inan nonflex -;Ю
10120;;,;,;PUNCT;;;;;;;;;;PUNCT;;;
10121;;все;ВСЕ;PART;;;раздали меню , _все_ ...  ;е;с;в;;;;S;ВСЕ;S - - nom pl;Е
10122;;...;...;PUNCT;;;;;;;;;;PUNCT;;;
10123;;;;;;;;;;;;;;;;;
10124;# sent = 811;;;;;;;;;;;;;;;;
10125;;Мы;МЫ;SPRO pl 1p - nom;;;...   _Мы_ там посидели пять;ы;м;;;;;SPRO;МЫ;SPRO pl 1p - nom;Ы
10126;;там;ТАМ;ADVPRO;;;  Мы _там_ посидели пять минут;м;а;т;;;;ADV;ТАМ;ADV -;М
10127;;посидели;ПОСИДЕТЬ;V pf praet pl indic - -;;; Мы там _посидели_ пять минут ...;и;л;е;д;и;с;V;ПОСИДЕТЬ;V pf praet pl indic - -;Ь
10128;;пять;ПЯТЬ;NUM acc - -;;;Мы там посидели _пять_ минут ... ;ь;т;я;п;;;NUM;ПЯТЬ;NUM acc - -;Ь
10129;;минут;МИНУТА;S f inan gen pl;;;там посидели пять _минут_ ...  ;т;у;н;и;м;;S;МИНУТА;S f inan gen pl;А
10130;;...;...;PUNCT;;;;;;;;;;PUNCT;;;
10131;;;;;;;;;;;;;;;;;
10132;# sent = 812;;;;;;;;;;;;;;;;
10133;;Аа;А;INTJ;;;...   _Аа_ по очереди сходили;а;а;;;;;INTJ;АА;NONLEX;А
10134;;по;ПО;PR;;;  Аа _по_ очереди сходили в;о;п;;;;;PR;ПО;PR;О
10135;;очереди;ОЧЕРЕДЬ;S f inan dat sg;;; Аа по _очереди_ сходили в туалет;и;д;е;р;е;ч;S;ОЧЕРЕДЬ;S f inan loc sg;Ь
10136;;сходили;СХОДИТЬ;V pf praet pl indic - -;;;Аа по очереди _сходили_ в туалет и;и;л;и;д;о;х;V;СХОДИТЬ;V ipf praet pl indic - -;Ь
10137;;в;В;PR;;;по очереди сходили _в_ туалет и ушли;в;;;;;;PR;В;PR;В
10138;;туалет;ТУАЛЕТ;S m inan acc sg;;;очереди сходили в _туалет_ и ушли ,;т;е;л;а;у;т;S;ТУАЛЕТ;S m inan acc sg;Т
10139;;и;И;CONJ;;;сходили в туалет _и_ ушли , ничего;и;;;;;;CONJ;И;CONJ;И
10140;;ушли;УЙТИ;V pf - sg imper - 2p;;;в туалет и _ушли_ , ничего не;и;л;ш;у;;;V;УСЛАТЬ;V pf - sg imper - 2p;И
10141;;,;,;PUNCT;;;;;;;;;;PUNCT;;;
10142;;ничего;НИЧТО;SPRO n inan gen sg;;;и ушли , _ничего_ не заказав .;о;г;е;ч;и;н;SPRO;НИЧТО;S n - gen sg;О
10143;;не;НЕ;PART;;;ушли , ничего _не_ заказав . ;е;н;;;;;PART;НЕ;PART;Е
10144;;заказав;ЗАКАЗАТЬ;V pf praet - ger - -;;;, ничего не _заказав_ .  ;в;а;з;а;к;а;V;ЗАКАЗАТЬ;V pf praet - ger - -;Ь
10145;;.;.;PUNCT;;;;;;;;;;PUNCT;;;
10146;;;;;;;;;;;;;;;;;
10147;# sent = 813;;;;;;;;;;;;;;;;
10148;;И;И;CONJ;;;.   _И_ как бы , на;и;;;;;;CONJ;И;CONJ;И
10149;;как бы;как бы;PART;;;  И _как бы_ , на нас;ы;б; ;к;а;к;PART;как бы;ADV -;ы
10150;;,;,;PUNCT;;;;;;;;;;PUNCT;;;
10151;;на;НА;PR;;;И как бы , _на_ нас официанты смотрели;а;н;;;;;PR;НА;PR;А
10152;;нас;МЫ;SPRO pl 1p - loc;;;как бы , на _нас_ официанты смотрели очень;с;а;н;;;;SPRO;МЫ;SPRO pl 1p - loc;Ы
10153;;официанты;ОФИЦИАНТ;S m anim nom pl;;;, на нас _официанты_ смотрели очень странным;ы;т;н;а;и;ц;S;ОФИЦИАНТ;S m anim nom pl;Т
10154;;смотрели;СМОТРЕТЬ;V ipf praet pl indic - -;;;на нас официанты _смотрели_ очень странным взглядом;и;л;е;р;т;о;V;СМОТРЕТЬ;V ipf praet pl indic - -;Ь
10155;;очень;ОЧЕНЬ;ADV -;;;нас официанты смотрели _очень_ странным взглядом .;ь;н;е;ч;о;;ADV;ОЧЕНЬ;ADV -;Ь
10156;;странным;СТРАННЫЙ;A - ins sg plen m -;;;официанты смотрели очень _странным_ взглядом . ;м;ы;н;н;а;р;A;СТРАННЫЙ;A - ins sg plen m -;Й
10157;;взглядом;ВЗГЛЯД;S m inan ins sg;;;смотрели очень странным _взглядом_ .  ;м;о;д;я;л;г;S;ВЗГЛЯД;S m inan ins sg;Д
10158;;.;.;PUNCT;;;;;;;;;;PUNCT;;;
10159;;;;;;;;;;;;;;;;;
10160;# sent = 814;;;;;;;;;;;;;;;;
10161;# speaker = Катя;;;;;;;;;;;;;;;;
10162;# sent = 815;;;;;;;;;;;;;;;;
10163;;Потом;ПОТОМ;ADV;;;   _Потом_ я отдала билет;м;о;т;о;п;;ADV;ПОТОМ;ADV -;М
10164;;я;Я;SPRO sg 1p - nom;;;  Потом _я_ отдала билет на;я;;;;;;SPRO;Я;SPRO sg 1p - nom;Я
10165;;отдала;ОТДАТЬ;V pf praet sg indic f -;;; Потом я _отдала_ билет на этот;а;л;а;д;т;о;V;ОТДАТЬ;V pf praet sg indic f -;Ь
10166;;билет;БИЛЕТ;S m inan acc sg;;;Потом я отдала _билет_ на этот концерт;т;е;л;и;б;;S;БИЛЕТ;S m inan acc sg;Т
10167;;на;НА;PR;;;я отдала билет _на_ этот концерт Нойза;а;н;;;;;PR;НА;PR;А
10168;;этот;ЭТОТ;APRO - acc sg plen m inan;;;отдала билет на _этот_ концерт Нойза одной;т;о;т;э;;;APRO;ЭТОТ;A - acc sg plen m inan;Т
10169;;концерт;КОНЦЕРТ;S m inan acc sg;;;билет на этот _концерт_ Нойза одной девочке;т;р;е;ц;н;о;S;КОНЦЕРТ;S m inan acc sg;Т
10170;;Нойза;НОЙЗ;S persn m anim gen sg;;;на этот концерт _Нойза_ одной девочке ,;а;з;й;о;н;;S;НОЙЗ;S f inan nom sg;З
10171;;одной;ОДИН;ANUM - gen sg plen f -;;;этот концерт Нойза _одной_ девочке , потому;й;о;н;д;о;;ANUM;ОДИН;A - gen sg plen f -;Н
10172;;девочке;ДЕВОЧКА;S f anim dat sg;;;концерт Нойза одной _девочке_ , потому ;е;к;ч;о;в;е;S;ДЕВОЧКА;S f anim dat sg;А
10173;;,;,;PUNCT;;;;;;;;;;PUNCT;;;
10174;;потому;ПОТОМУ;ADVPRO;;;одной девочке , _потому_  шта ;у;м;о;т;о;п;ADV;ПОТОМУ;ADV -;У
10175;"<distinct form=""";;;;;;;;;;;;;;;;
10176;<dist>;шта;;;;;;;;;;;;;;;
10177;""">";;;;;;;;;;;;;;;;
10178;;что;ЧТО;CONJ;;; шта  _что_  у меня;о;т;ч;;;;CONJ;ЧТО;CONJ;О
10179;</distinct>;;;;;;;;;;;;;;;;
10180;;у;У;PR;;; что  _у_ меня не получилось;у;;;;;;PR;У;PR;У
10181;;меня;Я;SPRO sg 1p - gen;;;что  у _меня_ не получилось н;я;н;е;м;;;SPRO;Я;SPRO sg 1p - acc;Я
10182;;не;НЕ;PART;;; у меня _не_ получилось н ..;е;н;;;;;PART;НЕ;PART;Е
10183;;получилось;ПОЛУЧИТЬСЯ;V pf praet sg indic n -;;;у меня не _получилось_ н .. на;ь;с;о;л;и;ч;V;ПОЛУЧИТЬСЯ;V pf praet sg indic n -;Я
10184;;н;НА;PR;;;меня не получилось _н_ .. на него;н;;;;;;PR;НА;PR;А
10185;;..;..;PUNCT;;;;;;;;;;PUNCT;;;
10186;;на;НА;PR;;;получилось н .. _на_ него пойти .;а;н;;;;;PR;НА;PR;А
10187;;него;ОН;SPRO sg 3p m acc;;;н .. на _него_ пойти . ;о;г;е;н;;;SPRO;ОН;SPRO sg 3p m acc;Н
10188;;пойти;ПОЙТИ;V pf - - inf - -;;;.. на него _пойти_ .  ;и;т;й;о;п;;V;ПОЙТИ;V pf - - inf - -;И
10189;;.;.;PUNCT;;;;;;;;;;PUNCT;;;
10190;;;;;;;;;;;;;;;;;
10191;# sent = 816;;;;;;;;;;;;;;;;
10192;;Проводила;ПРОВОДИТЬ;V pf praet sg indic f -;;;.   _Проводила_ ребят до концерта;а;л;и;д;о;в;V;ПРОВОДИТЬ;V ipf praet sg indic f -;Ь
10193;;ребят;РЕБЯТА;S - anim gen pl;;;  Проводила _ребят_ до концерта ,;т;я;б;е;р;;S;РЕБЯТА;S - anim gen pl;А
10194;;до;ДО;PR;;; Проводила ребят _до_ концерта , до;о;д;;;;;PR;ДО;PR;О
10195;;концерта;КОНЦЕРТ;S m inan gen sg;;;Проводила ребят до _концерта_ , до туда;а;т;р;е;ц;н;S;КОНЦЕРТ;S m inan gen sg;Т
10196;;,;,;PUNCT;;;;;;;;;;PUNCT;;;
10197;;до;ДО;PR;;;до концерта , _до_ туда , и;о;д;;;;;PR;ДО;PR;О
10198;;туда;ТУДА;ADVPRO;;;концерта , до _туда_ , и ...;а;д;у;т;;;ADV;ТУДА;ADV -;А
10199;;,;,;PUNCT;;;;;;;;;;PUNCT;;;
10200;;и;И;CONJ;;;до туда , _и_ ... пошла через;и;;;;;;CONJ;И;CONJ;И
10201;;...;...;PUNCT;;;;;;;;;;PUNCT;;;
10202;;пошла;ПОЙТИ;V pf praet sg indic f -;;;, и ... _пошла_ через весь Парк;а;л;ш;о;п;;V;ПОЙТИ;V pf praet sg indic f -;И
10203;;через;ЧЕРЕЗ;PR;;;и ... пошла _через_ весь Парк Горького;з;е;р;е;ч;;PR;ЧЕРЕЗ;PR;З
10204;;весь;ВЕСЬ;APRO - acc sg plen m inan;;;... пошла через _весь_ Парк Горького обратно;ь;с;е;в;;;APRO;ВЕСЬ;A - acc sg plen m inan;Ь
10205;;Парк;ПАРК;S m inan acc sg;;;пошла через весь _Парк_ Горького обратно ,;к;р;а;п;;;S;ПАРК;S m inan nom sg;К
10206;;Горького;ГОРЬКИЙ;S famn m anim gen sg;;;через весь Парк _Горького_ обратно , еще;о;г;о;к;ь;р;S;ГОРЬКИЙ;S m anim gen sg;Й
10207;;обратно;ОБРАТНО;ADV -;;;весь Парк Горького _обратно_ , еще встретила;о;н;т;а;р;б;ADV;ОБРАТНО;ADV -;О
10208;;,;,;PUNCT;;;;;;;;;;PUNCT;;;
10209;;еще;ЕЩЕ;ADV -;;;Горького обратно , _еще_ встретила часть своих;е;щ;е;;;;ADV;ЕЩЕ;ADV -;Е
10210;;встретила;ВСТРЕТИТЬ;V pf praet sg indic f -;;;обратно , еще _встретила_ часть своих одногруппников;а;л;и;т;е;р;V;ВСТРЕТИТЬ;V pf praet sg indic f -;Ь
10211;;часть;ЧАСТЬ;S f inan acc sg;;;, еще встретила _часть_ своих одногруппников .;ь;т;с;а;ч;;S;ЧАСТЬ;S f inan nom sg;Ь
10212;;своих;СВОЙ;APRO - acc pl plen - -;;;еще встретила часть _своих_ одногруппников . ;х;и;о;в;с;;APRO;СВОЙ;A - gen pl plen - -;Й
10213;;одногруппников;ОДНОГРУППНИК;S m anim gen pl;;;встретила часть своих _одногруппников_ .  ;в;о;к;и;н;п;S;ОДНОГРУППНИК;S m anim acc pl;К
10214;;.;.;PUNCT;;;;;;;;;;PUNCT;;;
10215;;;;;;;;;;;;;;;;;
10216;# sent = 817;;;;;;;;;;;;;;;;
10217;;Одна;ОДИН;ANUM - nom sg plen f -;;;.   _Одна_ девочка тоже сказала;а;н;д;о;;;ANUM;ОДИН;A - nom sg plen f -;Н
10218;;девочка;ДЕВОЧКА;S f anim nom sg;;;  Одна _девочка_ тоже сказала ,;а;к;ч;о;в;е;S;ДЕВОЧКА;S f anim nom sg;А
10219;;тоже;ТОЖЕ;PART;;; Одна девочка _тоже_ сказала , что;е;ж;о;т;;;PART;ТОЖЕ;PART;Е
10220;;сказала;СКАЗАТЬ;V pf praet sg indic f -;;;Одна девочка тоже _сказала_ , что она;а;л;а;з;а;к;V;СКАЗАТЬ;V pf praet sg indic f -;Ь
10221;;,;,;PUNCT;;;;;;;;;;PUNCT;;;
10222;;что;ЧТО;CONJ;;;тоже сказала , _что_ она не может;о;т;ч;;;;CONJ;ЧТО;CONJ;О
10223;;она;ОНА;SPRO sg 3p f nom;;;сказала , что _она_ не может идти;а;н;о;;;;SPRO;ОНА;SPRO sg 3p f nom;А
10224;;не;НЕ;PART;;;, что она _не_ может идти ,;е;н;;;;;PART;НЕ;PART;Е
10225;;может;МОЧЬ;V ipf praes sg indic - 3p;;;что она не _может_ идти , поэтому;т;е;ж;о;м;;V;МОЧЬ;V ipf praes sg indic - 3p;Ь
10226;;идти;ИДТИ;V ipf - - inf - -;;;она не может _идти_ , поэтому рада;и;т;д;и;;;V;ИДТИ;V ipf - - inf - -;И
10227;;,;,;PUNCT;;;;;;;;;;PUNCT;;;
10228;;поэтому;ПОЭТОМУ;ADVPRO;;;может идти , _поэтому_ рада , что;у;м;о;т;э;о;ADV;ПОЭТОМУ;ADV -;У
10229;;рада;РАД;A - - sg brev f -;;;идти , поэтому _рада_ , что встретила;а;д;а;р;;;A;РАД;A - - sg brev f -;Д
10230;;,;,;PUNCT;;;;;;;;;;PUNCT;;;
10231;;что;ЧТО;CONJ;;;поэтому рада , _что_ встретила меня ,;о;т;ч;;;;CONJ;ЧТО;CONJ;О
10232;;встретила;ВСТРЕТИТЬ;V pf praet sg indic f -;;;рада , что _встретила_ меня , аа;а;л;и;т;е;р;V;ВСТРЕТИТЬ;V pf praet sg indic f -;Ь
10233;;меня;Я;SPRO sg 1p - acc;;;, что встретила _меня_ , аа и;я;н;е;м;;;SPRO;Я;SPRO sg 1p - acc;Я
10234;;,;,;PUNCT;;;;;;;;;;PUNCT;;;
10235;;аа;А;INTJ;;;встретила меня , _аа_ и мы пошли;а;а;;;;;INTJ;АА;NONLEX;А
10236;;и;И;CONJ;;;меня , аа _и_ мы пошли с;и;;;;;;CONJ;И;CONJ;И
10237;;мы;МЫ;SPRO pl 1p - nom;;;, аа и _мы_ пошли с …;ы;м;;;;;SPRO;МЫ;SPRO pl 1p - nom;Ы
10238;;пошли;ПОЙТИ;V pf praet pl indic - -;;;аа и мы _пошли_ с … к;и;л;ш;о;п;;V;ПОЙТИ;V pf praet pl indic - -;И
10239;;с;С;PR;;;и мы пошли _с_ … к ней;с;;;;;;PR;С;PR;С
10240;;…;…;PUNCT;;;;;;;;;;PUNCT;;;
10241;;к;К;PR;;;пошли с … _к_ ней в сторону;к;;;;;;PR;К;PR;К
10242;;ней;ОНА;SPRO sg 3p f dat;;;с … к _ней_ в сторону метро;й;е;н;;;;SPRO;ОНА;SPRO sg 3p f loc;А
10243;;в;В;PR;;;… к ней _в_ сторону метро …;в;;;;;;PR;В;PR;В
10244;;сторону;СТОРОНА;S f inan acc sg;;;к ней в _сторону_ метро … ну;у;н;о;р;о;т;S;СТОРОНА;S f inan acc sg;А
10245;;метро;МЕТРО;S n inan gen sg;;;ней в сторону _метро_ … ну и;о;р;т;е;м;;S;МЕТРО;S n inan nonflex -;О
10246;;…;…;PUNCT;;;;;;;;;;PUNCT;;;
10247;;ну;НУ;PART;;;сторону метро … _ну_ и вот так;у;н;;;;;PART;НУ;PART;У
10248;;и;И;CONJ;;;метро … ну _и_ вот так …;и;;;;;;CONJ;И;CONJ;И
10249;;вот;ВОТ;PART;;;… ну и _вот_ так … ;т;о;в;;;;PART;ВОТ;PART;Т
10250;;так;ТАК;PART;;;ну и вот _так_ …  ;к;а;т;;;;ADV;ТАК;ADV -;К
10251;;…;…;PUNCT;;;;;;;;;;PUNCT;;;
10252;;;;;;;;;;;;;;;;;
10253;# sent = 818;;;;;;;;;;;;;;;;
10254;#  #;;;;;;;;;;;;;;;;
10254;#  #;;;;;;;;;;;;;;;;
10254;#  #;;;;;;;;;;;;;;;;
10254;#  #;;;;;;;;;;;;;;;;
10254;#  #;;;;;;;;;;;;;;;;
10254;#  #;;;;;;;;;;;;;;;;
10254;#  #;;;;;;;;;;;;;;;;
10254;#  #;;;;;;;;;;;;;;;;